Population,County,State,Abbreviation
47086.0,Washington,Mississippi,MS
12028.0,Perry,Mississippi,MS
8321.0,Choctaw,Mississippi,MS
23480.0,Itawamba,Mississippi,MS
10129.0,Carroll,Mississippi,MS
21278.0,Grenada,Mississippi,MS
7346.0,Jefferson,Mississippi,MS
13714.0,Greene,Mississippi,MS
35787.0,Marshall,Mississippi,MS
7372.0,Quitman,Mississippi,MS
32592.0,Bolivar,Mississippi,MS
61223.0,Lamar,Mississippi,MS
84915.0,Lee,Mississippi,MS
39737.0,Pike,Mississippi,MS
14361.0,Tallahatchie,Mississippi,MS
16063.0,Smith,Mississippi,MS
18375.0,Stone,Mississippi,MS
47075.0,Warren,Mississippi,MS
15928.0,Clarke,Mississippi,MS
10107.0,Kemper,Mississippi,MS
10198.0,Montgomery,Mississippi,MS
49481.0,Oktibbeha,Mississippi,MS
55149.0,Pearl River,Mississippi,MS
22870.0,Leake,Mississippi,MS
10828.0,Noxubee,Mississippi,MS
29376.0,Neshoba,Mississippi,MS
151240.0,Rankin,Mississippi,MS
28493.0,Tate,Mississippi,MS
12630.0,Lawrence,Mississippi,MS
34243.0,Panola,Mississippi,MS
12421.0,Yalobusha,Mississippi,MS
17279.0,Chickasaw,Mississippi,MS
28721.0,Copiah,Mississippi,MS
23710.0,George,Mississippi,MS
241774.0,Hinds,Mississippi,MS
21524.0,Newton,Mississippi,MS
28356.0,Union,Mississippi,MS
4511.0,Sharkey,Mississippi,MS
21990.0,Tippah,Mississippi,MS
75517.0,Forrest,Mississippi,MS
46653.0,Hancock,Mississippi,MS
53459.0,Lafayette,Mississippi,MS
1328.0,Issaquena,Mississippi,MS
59437.0,Lowndes,Mississippi,MS
29804.0,Leflore,Mississippi,MS
8990.0,Wilkinson,Mississippi,MS
202626.0,Harrison,Mississippi,MS
11495.0,Jefferson Davis,Mississippi,MS
34432.0,Lincoln,Mississippi,MS
28415.0,Scott,Mississippi,MS
18358.0,Winston,Mississippi,MS
27974.0,Yazoo,Mississippi,MS
8253.0,Benton,Mississippi,MS
7757.0,Franklin,Mississippi,MS
16529.0,Jasper,Mississippi,MS
68454.0,Jones,Mississippi,MS
35840.0,Monroe,Mississippi,MS
26532.0,Sunflower,Mississippi,MS
9828.0,Webster,Mississippi,MS
31547.0,Adams,Mississippi,MS
19808.0,Clay,Mississippi,MS
19091.0,Covington,Mississippi,MS
8539.0,Humphreys,Mississippi,MS
18075.0,Holmes,Mississippi,MS
12468.0,Amite,Mississippi,MS
14571.0,Calhoun,Mississippi,MS
19478.0,Tishomingo,Mississippi,MS
20422.0,Wayne,Mississippi,MS
103498.0,Madison,Mississippi,MS
25202.0,Marion,Mississippi,MS
25360.0,Prentiss,Mississippi,MS
142014.0,Jackson,Mississippi,MS
10170.0,Tunica,Mississippi,MS
9120.0,Claiborne,Mississippi,MS
77323.0,Lauderdale,Mississippi,MS
27073.0,Simpson,Mississippi,MS
18581.0,Attala,Mississippi,MS
23802.0,Coahoma,Mississippi,MS
14601.0,Walthall,Mississippi,MS
31315.0,Pontotoc,Mississippi,MS
37180.0,Alcorn,Mississippi,MS
176132.0,DeSoto,Mississippi,MS
23102.0,Saline,Missouri,MO
12205.0,Madison,Missouri,MO
18293.0,Wright,Missouri,MO
20691.0,Vernon,Missouri,MO
22547.0,Nodaway,Missouri,MO
7546.0,Chariton,Missouri,MO
10039.0,Grundy,Missouri,MO
20137.0,Morgan,Missouri,MO
13308.0,Wayne,Missouri,MO
12281.0,Bollinger,Missouri,MO
78324.0,Cape Girardeau,Missouri,MO
6061.0,Shelby,Missouri,MO
38082.0,Webster,Missouri,MO
5270.0,Atchison,Missouri,MO
16374.0,Bates,Missouri,MO
18989.0,Benton,Missouri,MO
6197.0,Carter,Missouri,MO
7590.0,Dade,Missouri,MO
12186.0,Linn,Missouri,MO
40102.0,Howell,Missouri,MO
53689.0,Johnson,Missouri,MO
35507.0,Laclede,Missouri,MO
8884.0,Maries,Missouri,MO
44789.0,Phelps,Missouri,MO
98824.0,Platte,Missouri,MO
66342.0,St. Francois,Missouri,MO
17403.0,Andrew,Missouri,MO
8843.0,Carroll,Missouri,MO
8302.0,Daviess,Missouri,MO
3951.0,Knox,Missouri,MO
28672.0,Marion,Missouri,MO
13619.0,Osage,Missouri,MO
13693.0,Ripley,Missouri,MO
33908.0,Warren,Missouri,MO
25735.0,Audrain,Missouri,MO
84275.0,Christian,Missouri,MO
288429.0,Greene,Missouri,MO
8554.0,Harrison,Missouri,MO
9383.0,St. Clair,Missouri,MO
25325.0,Adair,Missouri,MO
4898.0,Scotland,Missouri,MO
6317.0,Sullivan,Missouri,MO
6800.0,Clark,Missouri,MO
223302.0,Jefferson,Missouri,MO
10027.0,Lewis,Missouri,MO
17811.0,New Madrid,Missouri,MO
19146.0,Perry,Missouri,MO
10217.0,Ralls,Missouri,MO
22825.0,Ray,Missouri,MO
998684.0,St. Louis,Missouri,MO
31527.0,Stone,Missouri,MO
35493.0,Barry,Missouri,MO
176515.0,Boone,Missouri,MO
13938.0,Cedar,Missouri,MO
24280.0,Crawford,Missouri,MO
10221.0,Iron,Missouri,MO
15076.0,Livingston,Missouri,MO
15958.0,Moniteau,Missouri,MO
10699.0,Oregon,Missouri,MO
30428.0,Dunklin,Missouri,MO
42371.0,Pettis,Missouri,MO
17871.0,Ste. Genevieve,Missouri,MO
24945.0,Randolph,Missouri,MO
102781.0,Franklin,Missouri,MO
10113.0,Howard,Missouri,MO
692003.0,Jackson,Missouri,MO
25049.0,Miller,Missouri,MO
52591.0,Pulaski,Missouri,MO
4815.0,Putnam,Missouri,MO
54720.0,Taney,Missouri,MO
25671.0,Texas,Missouri,MO
89076.0,Buchanan,Missouri,MO
9049.0,Caldwell,Missouri,MO
44840.0,Callaway,Missouri,MO
102678.0,Cass,Missouri,MO
20475.0,Clinton,Missouri,MO
17622.0,Cooper,Missouri,MO
16499.0,Dallas,Missouri,MO
6665.0,Gentry,Missouri,MO
9368.0,Hickory,Missouri,MO
55563.0,Lincoln,Missouri,MO
13748.0,Mississippi,Missouri,MO
8654.0,Monroe,Missouri,MO
58202.0,Newton,Missouri,MO
9236.0,Ozark,Missouri,MO
18489.0,Pike,Missouri,MO
389985.0,St. Charles,Missouri,MO
3664.0,Mercer,Missouri,MO
239164.0,Clay,Missouri,MO
15504.0,Dent,Missouri,MO
2040.0,Worth,Missouri,MO
311273.0,St. Louis city,Missouri,MO
42733.0,Butler,Missouri,MO
4456.0,Holt,Missouri,MO
11545.0,Montgomery,Missouri,MO
29512.0,Stoddard,Missouri,MO
24931.0,Washington,Missouri,MO
12564.0,DeKalb,Missouri,MO
32589.0,Lafayette,Missouri,MO
4502.0,Schuyler,Missouri,MO
45096.0,Camden,Missouri,MO
119238.0,Jasper,Missouri,MO
22827.0,McDonald,Missouri,MO
31549.0,Polk,Missouri,MO
6315.0,Reynolds,Missouri,MO
38729.0,Scott,Missouri,MO
11850.0,Barton,Missouri,MO
76740.0,Cole,Missouri,MO
14746.0,Gasconade,Missouri,MO
15254.0,Macon,Missouri,MO
17031.0,Pemiscot,Missouri,MO
8246.0,Shannon,Missouri,MO
13374.0,Douglas,Missouri,MO
21765.0,Henry,Missouri,MO
38133.0,Lawrence,Missouri,MO
11845.0,Custer,Montana,MT
16439.0,Hill,Montana,MT
1619.0,Powder River,Montana,MT
16246.0,Park,Montana,MT
11228.0,Roosevelt,Montana,MT
6727.0,Blaine,Montana,MT
2280.0,Liberty,Montana,MT
11360.0,Richland,Montana,MT
6080.0,Teton,Montana,MT
4976.0,Toole,Montana,MT
2838.0,Fallon,Montana,MT
1753.0,Daniels,Montana,MT
1951.0,Judith Basin,Montana,MT
34814.0,Silver Bow,Montana,MT
9100.0,Deer Lodge,Montana,MT
11778.0,Jefferson,Montana,MT
1630.0,McCone,Montana,MT
2149.0,Wheatland,Montana,MT
9250.0,Rosebud,Montana,MT
1318.0,Carter,Montana,MT
9191.0,Dawson,Montana,MT
5834.0,Broadwater,Montana,MT
29774.0,Lake,Montana,MT
6044.0,Pondera,Montana,MT
157816.0,Yellowstone,Montana,MT
41902.0,Ravalli,Montana,MT
7532.0,Valley,Montana,MT
11273.0,Fergus,Montana,MT
4211.0,Mineral,Montana,MT
432.0,Petroleum,Montana,MT
11521.0,Sanders,Montana,MT
98082.0,Flathead,Montana,MT
1175.0,Wibaux,Montana,MT
1968.0,Meagher,Montana,MT
10546.0,Carbon,Montana,MT
4124.0,Phillips,Montana,MT
5789.0,Chouteau,Montana,MT
19358.0,Lincoln,Montana,MT
777.0,Treasure,Montana,MT
3653.0,Sweet Grass,Montana,MT
1342.0,Prairie,Montana,MT
13699.0,Glacier,Montana,MT
724.0,Golden Valley,Montana,MT
9410.0,Stillwater,Montana,MT
3269.0,Granite,Montana,MT
8218.0,Madison,Montana,MT
3574.0,Sheridan,Montana,MT
13376.0,Big Horn,Montana,MT
1141.0,Garfield,Montana,MT
67077.0,Lewis and Clark,Montana,MT
115983.0,Missoula,Montana,MT
81746.0,Cascade,Montana,MT
6861.0,Powell,Montana,MT
104729.0,Gallatin,Montana,MT
9393.0,Beaverhead,Montana,MT
4807.0,Musselshell,Montana,MT
31583.0,Adams,Nebraska,NE
310094.0,Lancaster,Nebraska,NE
5313.0,Boone,Nebraska,NE
1350.0,Rock,Nebraska,NE
696.0,Banner,Nebraska,NE
3042.0,Sherman,Nebraska,NE
8009.0,Richardson,Nebraska,NE
6405.0,Howard,Nebraska,NE
10245.0,Holt,Nebraska,NE
4786.0,Furnas,Nebraska,NE
2015.0,Gosper,Nebraska,NE
14288.0,Saline,Nebraska,NE
178351.0,Sarpy,Nebraska,NE
7140.0,Thurston,Nebraska,NE
20219.0,Washington,Nebraska,NE
2042.0,Boyd,Nebraska,NE
5790.0,Cherry,Nebraska,NE
36683.0,Dodge,Nebraska,NE
5574.0,Fillmore,Nebraska,NE
1860.0,Garden,Nebraska,NE
691.0,Hooker,Nebraska,NE
4841.0,Morrill,Nebraska,NE
7004.0,Nemaha,Nebraska,NE
17127.0,Seward,Nebraska,NE
645.0,Thomas,Nebraska,NE
20317.0,Dakota,Nebraska,NE
3571.0,Webster,Nebraska,NE
6372.0,Antelope,Nebraska,NE
8067.0,Butler,Nebraska,NE
6232.0,Clay,Nebraska,NE
10830.0,Custer,Nebraska,NE
21595.0,Gage,Nebraska,NE
9178.0,Hamilton,Nebraska,NE
6552.0,Kearney,Nebraska,NE
8099.0,Keith,Nebraska,NE
35164.0,Madison,Nebraska,NE
2907.0,Perkins,Nebraska,NE
21024.0,Saunders,Nebraska,NE
9367.0,Wayne,Nebraska,NE
792.0,Keya Paha,Nebraska,NE
8460.0,Knox,Nebraska,NE
35433.0,Lincoln,Nebraska,NE
7157.0,Pierce,Nebraska,NE
1266.0,Sioux,Nebraska,NE
25702.0,Cass,Nebraska,NE
5746.0,Dixon,Nebraska,NE
2023.0,Dundy,Nebraska,NE
2410.0,Greeley,Nebraska,NE
61343.0,Hall,Nebraska,NE
15896.0,Otoe,Nebraska,NE
10806.0,Red Willow,Nebraska,NE
8896.0,Dawes,Nebraska,NE
9852.0,Cheyenne,Nebraska,NE
23804.0,Dawson,Nebraska,NE
4224.0,Valley,Nebraska,NE
454.0,McPherson,Nebraska,NE
3554.0,Nance,Nebraska,NE
5992.0,Stanton,Nebraska,NE
3438.0,Harlan,Nebraska,NE
480.0,Blaine,Nebraska,NE
49030.0,Buffalo,Nebraska,NE
1894.0,Deuel,Nebraska,NE
2843.0,Hitchcock,Nebraska,NE
33063.0,Platte,Nebraska,NE
5098.0,Thayer,Nebraska,NE
11089.0,Box Butte,Nebraska,NE
5234.0,Sheridan,Nebraska,NE
4275.0,Nuckolls,Nebraska,NE
2609.0,Frontier,Nebraska,NE
554992.0,Douglas,Nebraska,NE
3734.0,Chase,Nebraska,NE
418.0,Arthur,Nebraska,NE
3006.0,Franklin,Nebraska,NE
7188.0,Jefferson,Nebraska,NE
585.0,Loup,Nebraska,NE
9120.0,Phelps,Nebraska,NE
36255.0,Scotts Bluff,Nebraska,NE
3667.0,Kimball,Nebraska,NE
7803.0,Merrick,Nebraska,NE
6528.0,Burt,Nebraska,NE
8991.0,Cuming,Nebraska,NE
718.0,Grant,Nebraska,NE
943.0,Hayes,Nebraska,NE
8523.0,Cedar,Nebraska,NE
5197.0,Johnson,Nebraska,NE
1975.0,Garfield,Nebraska,NE
2676.0,Pawnee,Nebraska,NE
822.0,Wheeler,Nebraska,NE
13799.0,York,Nebraska,NE
10760.0,Colfax,Nebraska,NE
886.0,Logan,Nebraska,NE
5255.0,Polk,Nebraska,NE
2988.0,Brown,Nebraska,NE
24010.0,Churchill,Nevada,NV
47828.0,Douglas,Nevada,NV
6611.0,Pershing,Nevada,NV
981.0,Esmeralda,Nevada,NV
16904.0,Humboldt,Nevada,NV
4448.0,Mineral,Nevada,NV
9737.0,White Pine,Nevada,NV
52252.0,Elko,Nevada,NV
5174.0,Lincoln,Nevada,NV
43705.0,Nye,Nevada,NV
3941.0,Storey,Nevada,NV
450486.0,Washoe,Nevada,NV
2141574.0,Clark,Nevada,NV
54467.0,Carson City,Nevada,NV
53155.0,Lyon,Nevada,NV
5746.0,Lander,Nevada,NV
1830.0,Eureka,Nevada,NV
76263.0,Cheshire,New Hampshire,NH
149452.0,Merrimack,New Hampshire,NH
89811.0,Grafton,New Hampshire,NH
305129.0,Rockingham,New Hampshire,NH
60640.0,Belknap,New Hampshire,NH
43125.0,Sullivan,New Hampshire,NH
411087.0,Hillsborough,New Hampshire,NH
128237.0,Strafford,New Hampshire,NH
32038.0,Coos,New Hampshire,NH
47840.0,Carroll,New Hampshire,NH
623387.0,Monmouth,New Jersey,NJ
142298.0,Sussex,New Jersey,NJ
153400.0,Cumberland,New Jersey,NJ
793555.0,Essex,New Jersey,NJ
591939.0,Ocean,New Jersey,NJ
290852.0,Gloucester,New Jersey,NJ
63336.0,Salem,New Jersey,NJ
504041.0,Passaic,New Jersey,NJ
507367.0,Camden,New Jersey,NJ
929999.0,Bergen,New Jersey,NJ
106293.0,Warren,New Jersey,NJ
668631.0,Hudson,New Jersey,NJ
446367.0,Burlington,New Jersey,NJ
494383.0,Morris,New Jersey,NJ
368762.0,Mercer,New Jersey,NJ
330176.0,Somerset,New Jersey,NJ
268539.0,Atlantic,New Jersey,NJ
826698.0,Middlesex,New Jersey,NJ
93705.0,Cape May,New Jersey,NJ
553066.0,Union,New Jersey,NJ
125051.0,Hunterdon,New Jersey,NJ
39307.0,Rio Arriba,New Mexico,NM
28034.0,San Miguel,New Mexico,NM
15595.0,Torrance,New Mexico,NM
65745.0,Otero,New Mexico,NM
26978.0,Cibola,New Mexico,NM
4382.0,Guadalupe,New Mexico,NM
3539.0,Catron,New Mexico,NM
28061.0,Grant,New Mexico,NM
24264.0,Luna,New Mexico,NM
72849.0,McKinley,New Mexico,NM
32888.0,Taos,New Mexico,NM
12353.0,Colfax,New Mexico,NM
57437.0,Eddy,New Mexico,NM
4563.0,Mora,New Mexico,NM
8373.0,Quay,New Mexico,NM
19482.0,Lincoln,New Mexico,NM
70126.0,Lea,New Mexico,NM
148917.0,Santa Fe,New Mexico,NM
11135.0,Sierra,New Mexico,NM
17000.0,Socorro,New Mexico,NM
215338.0,Do�a Ana,New Mexico,NM
18356.0,Los Alamos,New Mexico,NM
75956.0,Valencia,New Mexico,NM
677692.0,Bernalillo,New Mexico,NM
2060.0,De Baca,New Mexico,NM
4371.0,Hidalgo,New Mexico,NM
140769.0,Sandoval,New Mexico,NM
50199.0,Curry,New Mexico,NM
459.0,Harding,New Mexico,NM
127455.0,San Juan,New Mexico,NM
65459.0,Chaves,New Mexico,NM
4175.0,Union,New Mexico,NM
19117.0,Roosevelt,New Mexico,NM
31364.0,Schoharie,New York,NY
464242.0,Onondaga,New York,NY
80794.0,Clinton,New York,NY
34612.0,Seneca,New York,NY
99070.0,Putnam,New York,NY
50692.0,Franklin,New York,NY
109472.0,Ontario,New York,NY
2298513.0,Queens,New York,NY
96927.0,Steuben,New York,NY
4575.0,Hamilton,New York,NY
61828.0,Washington,New York,NY
129656.0,Chautauqua,New York,NY
2600747.0,Kings,New York,NY
1632480.0,New York,New York,NY
49045.0,Tioga,New York,NY
77868.0,Cayuga,New York,NY
41175.0,Orleans,New York,NY
227377.0,Saratoga,New York,NY
323686.0,Rockland,New York,NY
60919.0,Columbia,New York,NY
26719.0,Lewis,New York,NY
211704.0,Niagara,New York,NY
968815.0,Westchester,New York,NY
45502.0,Delaware,New York,NY
37751.0,Essex,New York,NY
49426.0,Montgomery,New York,NY
1356564.0,Nassau,New York,NY
474101.0,Richmond,New York,NY
17992.0,Schuyler,New York,NY
102962.0,Tompkins,New York,NY
48348.0,Chenango,New York,NY
48123.0,Cortland,New York,NY
114448.0,Jefferson,New York,NY
230782.0,Oneida,New York,NY
1487901.0,Suffolk,New York,NY
40565.0,Wyoming,New York,NY
85740.0,Chemung,New York,NY
119104.0,Oswego,New York,NY
60244.0,Otsego,New York,NY
90856.0,Wayne,New York,NY
307426.0,Albany,New York,NY
194402.0,Broome,New York,NY
919866.0,Erie,New York,NY
71359.0,Madison,New York,NY
75211.0,Sullivan,New York,NY
58112.0,Genesee,New York,NY
378227.0,Orange,New York,NY
1437872.0,Bronx,New York,NY
53743.0,Fulton,New York,NY
159431.0,Rensselaer,New York,NY
293894.0,Dutchess,New York,NY
62505.0,Herkimer,New York,NY
109558.0,St. Lawrence,New York,NY
64480.0,Warren,New York,NY
744248.0,Monroe,New York,NY
179303.0,Ulster,New York,NY
63907.0,Livingston,New York,NY
47617.0,Greene,New York,NY
47025.0,Allegany,New York,NY
77686.0,Cattaraugus,New York,NY
154883.0,Schenectady,New York,NY
25009.0,Yates,New York,NY
15040.0,Mitchell,North Carolina,NC
21008.0,Greene,North Carolina,NC
14205.0,Chowan,North Carolina,NC
81779.0,Caldwell,North Carolina,NC
156729.0,Catawba,North Carolina,NC
103082.0,Craven,North Carolina,NC
53332.0,Edgecombe,North Carolina,NC
130361.0,Harnett,North Carolina,NC
113625.0,Henderson,North Carolina,NC
5393.0,Hyde,North Carolina,NC
1054314.0,Mecklenburg,North Carolina,NC
20186.0,Northampton,North Carolina,NC
139605.0,Rowan,North Carolina,NC
44482.0,Vance,North Carolina,NC
25796.0,Currituck,North Carolina,NC
226694.0,Union,North Carolina,NC
371573.0,Forsyth,North Carolina,NC
94003.0,Nash,North Carolina,NC
33778.0,Bladen,North Carolina,NC
35741.0,Dare,North Carolina,NC
20033.0,Warren,North Carolina,NC
81336.0,Wilson,North Carolina,NC
19644.0,Bertie,North Carolina,NC
11563.0,Gates,North Carolina,NC
8557.0,Graham,North Carolina,NC
23054.0,Martin,North Carolina,NC
21405.0,Madison,North Carolina,NC
12742.0,Pamlico,North Carolina,NC
13459.0,Perquimans,North Carolina,NC
20458.0,Polk,North Carolina,NC
142958.0,Randolph,North Carolina,NC
91270.0,Rockingham,North Carolina,NC
45905.0,Stokes,North Carolina,NC
12156.0,Washington,North Carolina,NC
10447.0,Camden,North Carolina,NC
10813.0,Clay,North Carolina,NC
332106.0,Cumberland,North Carolina,NC
216585.0,Gaston,North Carolina,NC
523582.0,Guilford,North Carolina,NC
42256.0,Jackson,North Carolina,NC
95629.0,Moore,North Carolina,NC
133442.0,Robeson,North Carolina,NC
61114.0,Stanly,North Carolina,NC
1046558.0,Wake,North Carolina,NC
17667.0,Yancey,North Carolina,NC
69791.0,Chatham,North Carolina,NC
45109.0,McDowell,North Carolina,NC
191172.0,Johnston,North Carolina,NC
9695.0,Jones,North Carolina,NC
39305.0,Person,North Carolina,NC
126860.0,Brunswick,North Carolina,NC
26786.0,Ashe,North Carolina,NC
47243.0,Beaufort,North Carolina,NC
57227.0,Lenoir,North Carolina,NC
66532.0,Rutherford,North Carolina,NC
81441.0,Lincoln,North Carolina,NC
193912.0,Onslow,North Carolina,NC
142938.0,Orange,North Carolina,NC
63561.0,Sampson,North Carolina,NC
37665.0,Yadkin,North Carolina,NC
17501.0,Avery,North Carolina,NC
89712.0,Burke,North Carolina,NC
22746.0,Caswell,North Carolina,NC
41991.0,Davie,North Carolina,NC
59062.0,Duplin,North Carolina,NC
306457.0,Durham,North Carolina,NC
60125.0,Lee,North Carolina,NC
224231.0,New Hanover,North Carolina,NC
124002.0,Wayne,North Carolina,NC
35262.0,Scotland,North Carolina,NC
51737.0,Halifax,North Carolina,NC
160576.0,Alamance,North Carolina,NC
60433.0,Haywood,North Carolina,NC
10973.0,Alleghany,North Carolina,NC
97159.0,Cleveland,North Carolina,NC
58874.0,Granville,North Carolina,NC
53239.0,Hoke,North Carolina,NC
172525.0,Iredell,North Carolina,NC
177372.0,Pitt,North Carolina,NC
27668.0,Cherokee,North Carolina,NC
68460.0,Wilkes,North Carolina,NC
37119.0,Alexander,North Carolina,NC
68920.0,Carteret,North Carolina,NC
39479.0,Pasquotank,North Carolina,NC
14254.0,Swain,North Carolina,NC
25306.0,Anson,North Carolina,NC
64902.0,Franklin,North Carolina,NC
34410.0,Macon,North Carolina,NC
33513.0,Transylvania,North Carolina,NC
56293.0,Columbus,North Carolina,NC
27338.0,Montgomery,North Carolina,NC
45189.0,Richmond,North Carolina,NC
72099.0,Surry,North Carolina,NC
254474.0,Buncombe,North Carolina,NC
201448.0,Cabarrus,North Carolina,NC
164664.0,Davidson,North Carolina,NC
24153.0,Hertford,North Carolina,NC
59020.0,Pender,North Carolina,NC
54117.0,Watauga,North Carolina,NC
4119.0,Tyrrell,North Carolina,NC
2213.0,Burke,North Dakota,ND
10152.0,Mountrail,North Dakota,ND
34061.0,Williams,North Dakota,ND
946.0,Billings,North Dakota,ND
2460.0,Kidder,North Dakota,ND
3824.0,Cavalier,North Dakota,ND
2380.0,Grant,North Dakota,ND
7016.0,Pembina,North Dakota,ND
1910.0,Steele,North Dakota,ND
2576.0,Hettinger,North Dakota,ND
4100.0,LaMoure,North Dakota,ND
30544.0,Morton,North Dakota,ND
174202.0,Cass,North Dakota,ND
4387.0,Dunn,North Dakota,ND
3352.0,Emmons,North Dakota,ND
2654.0,McIntosh,North Dakota,ND
2920.0,Nelson,North Dakota,ND
16288.0,Richland,North Dakota,ND
14603.0,Rolette,North Dakota,ND
10802.0,Walsh,North Dakota,ND
2351.0,Adams,North Dakota,ND
6589.0,Bottineau,North Dakota,ND
10836.0,Barnes,North Dakota,ND
2313.0,Eddy,North Dakota,ND
70400.0,Grand Forks,North Dakota,ND
12536.0,McKenzie,North Dakota,ND
8570.0,Mercer,North Dakota,ND
9608.0,McLean,North Dakota,ND
4210.0,Pierce,North Dakota,ND
5361.0,Ransom,North Dakota,ND
4413.0,Sioux,North Dakota,ND
3195.0,Bowman,North Dakota,ND
1882.0,Golden Valley,North Dakota,ND
1927.0,Logan,North Dakota,ND
2246.0,Towner,North Dakota,ND
21064.0,Stutsman,North Dakota,ND
2369.0,Divide,North Dakota,ND
3290.0,Foster,North Dakota,ND
3883.0,Sargent,North Dakota,ND
704.0,Slope,North Dakota,ND
30876.0,Stark,North Dakota,ND
8019.0,Traill,North Dakota,ND
4970.0,Dickey,North Dakota,ND
69034.0,Ward,North Dakota,ND
5927.0,McHenry,North Dakota,ND
6886.0,Benson,North Dakota,ND
2495.0,Renville,North Dakota,ND
93737.0,Burleigh,North Dakota,ND
1837.0,Oliver,North Dakota,ND
11557.0,Ramsey,North Dakota,ND
2266.0,Griggs,North Dakota,ND
1405.0,Sheridan,North Dakota,ND
4055.0,Wells,North Dakota,ND
30195.0,Gallia,Ohio,OH
58457.0,Huron,Ohio,OH
65936.0,Athens,Ohio,OH
27878.0,Adams,Ohio,OH
177257.0,Medina,Ohio,OH
55654.0,Union,Ohio,OH
38864.0,Champaign,Ohio,OH
18872.0,Paulding,Ohio,OH
165811.0,Greene,Ohio,OH
1275333.0,Franklin,Ohio,OH
65344.0,Marion,Ohio,OH
14702.0,Morgan,Ohio,OH
116208.0,Wayne,Ohio,OH
22107.0,Wyandot,Ohio,OH
378294.0,Butler,Ohio,OH
15307.0,Harrison,Ohio,OH
61215.0,Knox,Ohio,OH
121324.0,Richland,Ohio,OH
13111.0,Vinton,Ohio,OH
75690.0,Hancock,Ohio,OH
152910.0,Fairfield,Ohio,OH
38279.0,Defiance,Ohio,OH
27316.0,Henry,Ohio,OH
66886.0,Jefferson,Ohio,OH
33969.0,Putnam,Ohio,OH
41896.0,Clinton,Ohio,OH
28645.0,Fayette,Ohio,OH
57420.0,Pickaway,Ohio,OH
45307.0,Logan,Ohio,OH
541810.0,Summit,Ohio,OH
59299.0,Sandusky,Ohio,OH
48797.0,Shelby,Ohio,OH
28281.0,Van Wert,Ohio,OH
60671.0,Washington,Ohio,OH
36936.0,Williams,Ohio,OH
45784.0,Auglaize,Ohio,OH
104003.0,Columbiana,Ohio,OH
51734.0,Darke,Ohio,OH
40709.0,Ottawa,Ohio,OH
42305.0,Fulton,Ohio,OH
31542.0,Hardin,Ohio,OH
32524.0,Jackson,Ohio,OH
432379.0,Lucas,Ohio,OH
34976.0,Morrow,Ohio,OH
14443.0,Noble,Ohio,OH
41207.0,Preble,Ohio,OH
55475.0,Seneca,Ohio,OH
373475.0,Stark,Ohio,OH
103642.0,Allen,Ohio,OH
36574.0,Coshocton,Ohio,OH
42021.0,Crawford,Ohio,OH
197008.0,Delaware,Ohio,OH
39274.0,Guernsey,Ohio,OH
28495.0,Hocking,Ohio,OH
40806.0,Mercer,Ohio,OH
77051.0,Ross,Ohio,OH
1253783.0,Cuyahoga,Ohio,OH
306713.0,Lorain,Ohio,OH
104800.0,Miami,Ohio,OH
532034.0,Montgomery,Ohio,OH
201794.0,Trumbull,Ohio,OH
129936.0,Wood,Ohio,OH
98136.0,Ashtabula,Ohio,OH
43988.0,Madison,Ohio,OH
86076.0,Muskingum,Ohio,OH
93961.0,Geauga,Ohio,OH
14090.0,Monroe,Ohio,OH
230052.0,Lake,Ohio,OH
135198.0,Clark,Ohio,OH
43859.0,Holmes,Ohio,OH
226564.0,Warren,Ohio,OH
53477.0,Ashland,Ohio,OH
231064.0,Mahoning,Ohio,OH
76377.0,Scioto,Ohio,OH
23160.0,Meigs,Ohio,OH
28214.0,Pike,Ohio,OH
812037.0,Hamilton,Ohio,OH
75136.0,Erie,Ohio,OH
60622.0,Lawrence,Ohio,OH
92526.0,Tuscarawas,Ohio,OH
43679.0,Brown,Ohio,OH
172293.0,Licking,Ohio,OH
27578.0,Carroll,Ohio,OH
203216.0,Clermont,Ohio,OH
43007.0,Highland,Ohio,OH
162644.0,Portage,Ohio,OH
68472.0,Belmont,Ohio,OH
35985.0,Perry,Ohio,OH
11372.0,Cottonwood,Minnesota,MN
143372.0,Scott,Minnesota,MN
20582.0,Dodge,Minnesota,MN
21500.0,Wabasha,Minnesota,MN
9185.0,Pipestone,Minnesota,MN
63855.0,Crow Wing,Minnesota,MN
6559.0,Norman,Minnesota,MN
132745.0,Wright,Minnesota,MN
33783.0,Nicollet,Minnesota,MN
37203.0,Douglas,Minnesota,MN
5938.0,Grant,Minnesota,MN
4337.0,Kittson,Minnesota,MN
27983.0,Le Sueur,Minnesota,MN
5506.0,Mahnomen,Minnesota,MN
54727.0,Chisago,Minnesota,MN
15331.0,Redwood,Minnesota,MN
9868.0,Yellow Medicine,Minnesota,MN
24440.0,Todd,Minnesota,MN
46117.0,Beltrami,Minnesota,MN
66322.0,Blue Earth,Minnesota,MN
18663.0,Houston,Minnesota,MN
6773.0,Lac qui Parle,Minnesota,MN
3809.0,Lake of the Woods,Minnesota,MN
57992.0,Otter Tail,Minnesota,MN
18809.0,Waseca,Minnesota,MN
200080.0,St. Louis,Minnesota,MN
347431.0,Anoka,Minnesota,MN
156819.0,Stearns,Minnesota,MN
5707.0,Lincoln,Minnesota,MN
9392.0,Marshall,Minnesota,MN
25728.0,Mille Lacs,Minnesota,MN
253317.0,Washington,Minnesota,MN
35540.0,Carlton,Minnesota,MN
16004.0,Kanabec,Minnesota,MN
12644.0,Koochiching,Minnesota,MN
4008.0,Red Lake,Minnesota,MN
32949.0,Morrison,Minnesota,MN
65765.0,Rice,Minnesota,MN
36676.0,Steele,Minnesota,MN
15834.0,Aitkin,Minnesota,MN
13896.0,Faribault,Minnesota,MN
8353.0,Murray,Minnesota,MN
42658.0,Kandiyohi,Minnesota,MN
10569.0,Lake,Minnesota,MN
9413.0,Rock,Minnesota,MN
14912.0,Sibley,Minnesota,MN
3337.0,Traverse,Minnesota,MN
33773.0,Becker,Minnesota,MN
1235478.0,Hennepin,Minnesota,MN
25211.0,Brown,Minnesota,MN
12010.0,Chippewa,Minnesota,MN
8812.0,Clearwater,Minnesota,MN
20862.0,Hubbard,Minnesota,MN
38974.0,Isanti,Minnesota,MN
19964.0,Martin,Minnesota,MN
39602.0,Mower,Minnesota,MN
29129.0,Pine,Minnesota,MN
153065.0,Olmsted,Minnesota,MN
13646.0,Wadena,Minnesota,MN
39779.0,Benton,Minnesota,MN
30526.0,Freeborn,Minnesota,MN
35825.0,McLeod,Minnesota,MN
10980.0,Pope,Minnesota,MN
9784.0,Stevens,Minnesota,MN
9411.0,Swift,Minnesota,MN
418201.0,Dakota,Minnesota,MN
25839.0,Lyon,Minnesota,MN
14721.0,Renville,Minnesota,MN
5311.0,Cook,Minnesota,MN
23079.0,Meeker,Minnesota,MN
14184.0,Pennington,Minnesota,MN
6343.0,Wilkin,Minnesota,MN
62801.0,Clay,Minnesota,MN
20888.0,Fillmore,Minnesota,MN
31591.0,Polk,Minnesota,MN
15462.0,Roseau,Minnesota,MN
10973.0,Watonwan,Minnesota,MN
5016.0,Big Stone,Minnesota,MN
29022.0,Cass,Minnesota,MN
46217.0,Goodhue,Minnesota,MN
10047.0,Jackson,Minnesota,MN
21839.0,Nobles,Minnesota,MN
93231.0,Sherburne,Minnesota,MN
100416.0,Carver,Minnesota,MN
45203.0,Itasca,Minnesota,MN
541493.0,Ramsey,Minnesota,MN
50847.0,Winona,Minnesota,MN
29565.0,Austin,Texas,TX
595.0,Kenedy,Texas,TX
360486.0,Nueces,Texas,TX
21022.0,Colorado,Texas,TX
67046.0,San Patricio,Texas,TX
11473.0,Rains,Texas,TX
132475.0,Randall,Texas,TX
3389.0,Real,Texas,TX
5962.0,San Saba,Texas,TX
3061.0,Schleicher,Texas,TX
1141.0,Sterling,Texas,TX
12131.0,Zavala,Texas,TX
21807.0,Calhoun,Texas,TX
6032.0,Carson,Texas,TX
1408.0,Foard,Texas,TX
19709.0,Freestone,Texas,TX
7531.0,Goliad,Texas,TX
8269.0,Hamilton,Texas,TX
3952.0,Hardeman,Texas,TX
8558.0,Mitchell,Texas,TX
1546.0,Briscoe,Texas,TX
19941.0,Lavaca,Texas,TX
12615.0,Terry,Texas,TX
2234.0,Jeff Davis,Texas,TX
272053.0,Webb,Texas,TX
5282.0,Jim Hogg,Texas,TX
554445.0,Montgomery,Texas,TX
7243.0,Dallam,Texas,TX
1916.0,Armstrong,Texas,TX
7787.0,Castro,Texas,TX
31425.0,Kleberg,Texas,TX
21754.0,Willacy,Texas,TX
5861.0,Crosby,Texas,TX
3883.0,Fisher,Texas,TX
11355.0,Duval,Texas,TX
11279.0,Blanco,Texas,TX
35504.0,Jasper,Texas,TX
3675.0,Kinney,Texas,TX
18899.0,Deaf Smith,Texas,TX
327089.0,Galveston,Texas,TX
7409.0,La Salle,Texas,TX
885.0,Roberts,Texas,TX
21496.0,Tyler,Texas,TX
5482.0,Wheeler,Texas,TX
93858.0,Bowie,Texas,TX
9216.0,Brewster,Texas,TX
749.0,Kent,Texas,TX
225015.0,Smith,Texas,TX
3633.0,Crockett,Texas,TX
56379.0,Hardin,Texas,TX
36667.0,Howard,Texas,TX
17098.0,Leon,Texas,TX
19409.0,Montague,Texas,TX
23440.0,Panola,Texas,TX
41482.0,Erath,Texas,TX
353999.0,Brazoria,Texas,TX
1156.0,Motley,Texas,TX
3387.0,Donley,Texas,TX
48828.0,Atascosa,Texas,TX
8391.0,Coleman,Texas,TX
14966.0,Nolan,Texas,TX
4098.0,Hudspeth,Texas,TX
49334.0,Medina,Texas,TX
11586.0,Ward,Texas,TX
80460.0,Henderson,Texas,TX
66645.0,Harrison,Texas,TX
2123.0,Menard,Texas,TX
49532.0,Lamar,Texas,TX
25066.0,Fayette,Texas,TX
527057.0,Williamson,Texas,TX
47837.0,Polk,Texas,TX
7236.0,Refugio,Texas,TX
41401.0,Caldwell,Texas,TX
12906.0,Wilbarger,Texas,TX
3752.0,Reagan,Texas,TX
34113.0,Hale,Texas,TX
25478.0,Shelby,Texas,TX
10310.0,Runnels,Texas,TX
27819.0,San Jacinto,Texas,TX
117466.0,Tom Green,Texas,TX
91970.0,Victoria,Texas,TX
49987.0,Waller,Texas,TX
131818.0,Wichita,Texas,TX
48198.0,Wilson,Texas,TX
23162.0,Hockley,Texas,TX
57970.0,Maverick,Texas,TX
34175.0,Fannin,Texas,TX
164194.0,Midland,Texas,TX
12123.0,Live Oak,Texas,TX
20640.0,Llano,Texas,TX
15387.0,Karnes,Texas,TX
219193.0,Brazos,Texas,TX
30087.0,Cass,Texas,TX
20321.0,Gaines,Texas,TX
22685.0,Gray,Texas,TX
14128.0,Madison,Texas,TX
8842.0,Jack,Texas,TX
41982.0,Kendall,Texas,TX
18122.0,Bosque,Texas,TX
1925865.0,Bexar,Texas,TX
7092.0,Bailey,Texas,TX
3591.0,Baylor,Texas,TX
421750.0,Cameron,Texas,TX
807047.0,Denton,Texas,TX
34796.0,Washington,Texas,TX
12424.0,Morris,Texas,TX
9372.0,Stephens,Texas,TX
4602523.0,Harris,Texas,TX
17818.0,Andrews,Texas,TX
26208.0,Gillespie,Texas,TX
20667.0,Gonzales,Texas,TX
5808.0,Lynn,Texas,TX
18114.0,Young,Texas,TX
14369.0,Zapata,Texas,TX
56901.0,Hood,Texas,TX
36240.0,Hopkins,Texas,TX
10348.0,Ochiltree,Texas,TX
228.0,King,Texas,TX
3733.0,Knox,Texas,TX
248429.0,McLennan,Texas,TX
51903.0,Cherokee,Texas,TX
4233.0,Concho,Texas,TX
5215.0,Delta,Texas,TX
2055.0,Edwards,Texas,TX
18270.0,Eastland,Texas,TX
19891.0,Jones,Texas,TX
15125.0,Reeves,Texas,TX
10458.0,Sabine,Texas,TX
3058.0,Sherman,Texas,TX
7484.0,Swisher,Texas,TX
92152.0,Hunt,Texas,TX
12813.0,Camp,Texas,TX
5547.0,Hansford,Texas,TX
155137.0,Guadalupe,Texas,TX
10387.0,Clay,Texas,TX
35399.0,Hill,Texas,TX
65558.0,Nacogdoches,Texas,TX
9852.0,Parmer,Texas,TX
7123.0,Presidio,Texas,TX
49027.0,Val Verde,Texas,TX
158342.0,Ector,Texas,TX
1430.0,Glasscock,Texas,TX
27630.0,Grimes,Texas,TX
944350.0,Collin,Texas,TX
87607.0,Angelina,Texas,TX
1623.0,Cottle,Texas,TX
204150.0,Hays,Texas,TX
93642.0,Rockwall,Texas,TX
3469.0,Lipscomb,Texas,TX
36743.0,Matagorda,Texas,TX
15797.0,Pecos,Texas,TX
53595.0,Rusk,Texas,TX
1567.0,Throckmorton,Texas,TX
71539.0,Walker,Texas,TX
43815.0,Wood,Texas,TX
24763.0,Aransas,Texas,TX
7226.0,Childress,Texas,TX
3275.0,Coke,Texas,TX
75389.0,Coryell,Texas,TX
4061.0,Hemphill,Texas,TX
21801.0,Moore,Texas,TX
48583.0,Navarro,Texas,TX
8327.0,San Augustine,Texas,TX
3311.0,Shackelford,Texas,TX
63894.0,Starr,Texas,TX
3634.0,Upton,Texas,TX
82577.0,Bastrop,Texas,TX
3074.0,Hall,Texas,TX
10679.0,Franklin,Texas,TX
19394.0,Frio,Texas,TX
20640.0,Lampasas,Texas,TX
4161.0,Mason,Texas,TX
2216.0,Dickens,Texas,TX
2019977.0,Tarrant,Texas,TX
57863.0,Anderson,Texas,TX
14820.0,Jackson,Texas,TX
24664.0,Milam,Texas,TX
13495.0,Comanche,Texas,TX
7180.0,Brooks,Texas,TX
32730.0,Titus,Texas,TX
81862.0,Liberty,Texas,TX
64639.0,Wise,Texas,TX
41192.0,Jim Wells,Texas,TX
10663.0,Dimmit,Texas,TX
739342.0,Fort Bend,Texas,TX
1524.0,Irion,Texas,TX
39571.0,Cooke,Texas,TX
12964.0,Dawson,Texas,TX
17863.0,Burleson,Texas,TX
255210.0,Jefferson,Texas,TX
2090.0,Oldham,Texas,TX
837654.0,El Paso,Texas,TX
862.0,Terrell,Texas,TX
27009.0,Uvalde,Texas,TX
8789.0,Archer,Texas,TX
849389.0,Hidalgo,Texas,TX
8743.0,Somervell,Texas,TX
5809.0,Haskell,Texas,TX
4902.0,Mills,Texas,TX
14057.0,Newton,Texas,TX
5614.0,Martin,Texas,TX
4408.0,Kimble,Texas,TX
54368.0,Van Zandt,Texas,TX
8571.0,Yoakum,Texas,TX
12275.0,Red River,Texas,TX
3865.0,Sutton,Texas,TX
40769.0,Upshur,Texas,TX
41551.0,Wharton,Texas,TX
665.0,Borden,Texas,TX
10083.0,Marion,Texas,TX
128560.0,Grayson,Texas,TX
28317.0,Palo Pinto,Texas,TX
20435.0,DeWitt,Texas,TX
13770.0,Callahan,Texas,TX
123494.0,Gregg,Texas,TX
301454.0,Lubbock,Texas,TX
118910.0,Kaufman,Texas,TX
5872.0,Floyd,Texas,TX
40292.0,Chambers,Texas,TX
342236.0,Bell,Texas,TX
21571.0,Hutchinson,Texas,TX
84047.0,Orange,Texas,TX
7802.0,Winkler,Texas,TX
45750.0,Burnet,Texas,TX
2586552.0,Dallas,Texas,TX
662.0,McMullen,Texas,TX
163475.0,Johnson,Texas,TX
5767.0,Hartley,Texas,TX
23515.0,Limestone,Texas,TX
129802.0,Parker,Texas,TX
2241.0,Culberson,Texas,TX
6288.0,Garza,Texas,TX
1203166.0,Travis,Texas,TX
2996.0,Collingsworth,Texas,TX
13262.0,Lamb,Texas,TX
102.0,Loving,Texas,TX
21763.0,Bandera,Texas,TX
16890.0,Robertson,Texas,TX
136348.0,Taylor,Texas,TX
14569.0,Trinity,Texas,TX
2904.0,Cochran,Texas,TX
135097.0,Comal,Texas,TX
22955.0,Houston,Texas,TX
120899.0,Potter,Texas,TX
17239.0,Scurry,Texas,TX
4839.0,Crane,Texas,TX
1385.0,Stonewall,Texas,TX
37834.0,Brown,Texas,TX
32691.0,Bee,Texas,TX
8098.0,McCulloch,Texas,TX
16952.0,Lee,Texas,TX
168838.0,Ellis,Texas,TX
51365.0,Kerr,Texas,TX
17299.0,Falls,Texas,TX
12733.0,Millard,Utah,UT
160537.0,Washington,Utah,UT
7350.0,Kane,Utah,UT
9616.0,Grand,Utah,UT
2350.0,Rich,Utah,UT
30523.0,Wasatch,Utah,UT
53001.0,Box Elder,Utah,UT
49691.0,Iron,Utah,UT
21118.0,Sevier,Utah,UT
247731.0,Weber,Utah,UT
20219.0,Duchesne,Utah,UT
15281.0,San Juan,Utah,UT
1120805.0,Salt Lake,Utah,UT
36323.0,Uintah,Utah,UT
612.0,Daggett,Utah,UT
340621.0,Davis,Utah,UT
2694.0,Wayne,Utah,UT
20356.0,Carbon,Utah,UT
10248.0,Emery,Utah,UT
11391.0,Morgan,Utah,UT
122336.0,Cache,Utah,UT
5017.0,Garfield,Utah,UT
10948.0,Juab,Utah,UT
65185.0,Tooele,Utah,UT
40511.0,Summit,Utah,UT
1904.0,Piute,Utah,UT
6443.0,Beaver,Utah,UT
29366.0,Sanpete,Utah,UT
590440.0,Utah,Utah,UT
59273.0,Rutland,Vermont,VT
26911.0,Orleans,Vermont,VT
6965.0,Grand Isle,Vermont,VT
28937.0,Orange,Vermont,VT
162052.0,Chittenden,Vermont,VT
25268.0,Lamoille,Vermont,VT
55427.0,Windsor,Vermont,VT
30425.0,Caledonia,Vermont,VT
43150.0,Windham,Vermont,VT
36939.0,Addison,Vermont,VT
58477.0,Washington,Vermont,VT
49025.0,Franklin,Vermont,VT
35920.0,Bennington,Vermont,VT
6208.0,Essex,Vermont,VT
42080.0,Tazewell,Virginia,VA
14067.0,Falls Church city,Virginia,VA
16423.0,Manassas Park city,Virginia,VA
12039.0,Poquoson city,Virginia,VA
11486.0,Sussex,Virginia,VA
21926.0,Waynesboro city,Virginia,VA
99621.0,Roanoke city,Virginia,VA
25519.0,Salem city,Virginia,VA
245592.0,Norfolk city,Virginia,VA
12095.0,Charlotte,Virginia,VA
1143529.0,Fairfax,Virginia,VA
11659.0,Greensville,Virginia,VA
74153.0,James City,Virginia,VA
27408.0,Russell,Virginia,VA
31059.0,Smyth,Virginia,VA
7110.0,Lexington city,Virginia,VA
55170.0,Campbell,Virginia,VA
51588.0,Henry,Virginia,VA
25890.0,King George,Virginia,VA
10804.0,Lancaster,Virginia,VA
24134.0,Lee,Virginia,VA
8796.0,Mathews,Virginia,VA
10700.0,Middlesex,Virginia,VA
37894.0,Prince George,Virginia,VA
79444.0,Rockingham,Virginia,VA
22009.0,Scott,Virginia,VA
6600.0,Surry,Virginia,VA
15577.0,Appomattox,Virginia,VA
56233.0,Franklin,Virginia,VA
7052.0,King and Queen,Virginia,VA
97997.0,Montgomery,Virginia,VA
21103.0,New Kent,Virginia,VA
9786.0,Cumberland,Virginia,VA
22482.0,Goochland,Virginia,VA
34779.0,Halifax,Virginia,VA
13139.0,Madison,Virginia,VA
456749.0,Prince William,Virginia,VA
17939.0,Southampton,Virginia,VA
2214.0,Highland,Virginia,VA
16665.0,Brunswick,Virginia,VA
30184.0,Caroline,Virginia,VA
37161.0,Gloucester,Virginia,VA
11957.0,Northampton,Virginia,VA
17859.0,Patrick,Virginia,VA
28574.0,Powhatan,Virginia,VA
22509.0,Rockbridge,Virginia,VA
43045.0,Shenandoah,Virginia,VA
69115.0,Fauquier,Virginia,VA
6995.0,Charles City,Virginia,VA
50450.0,Culpeper,Virginia,VA
28308.0,Dinwiddie,Virginia,VA
19410.0,Greene,Virginia,VA
104449.0,Hanover,Virginia,VA
12278.0,Lunenburg,Virginia,VA
35612.0,Orange,Virginia,VA
53391.0,Harrisonburg city,Virginia,VA
5381.0,Emporia city,Virginia,VA
28940.0,Wythe,Virginia,VA
237820.0,Chesapeake city,Virginia,VA
106355.0,Albemarle,Virginia,VA
77908.0,Bedford,Virginia,VA
33222.0,Botetourt,Virginia,VA
39025.0,Wise,Virginia,VA
16843.0,Bristol city,Virginia,VA
95311.0,Portsmouth city,Virginia,VA
14788.0,Williamsburg city,Virginia,VA
15286.0,Alleghany,Virginia,VA
29738.0,Carroll,Virginia,VA
54406.0,Washington,Virginia,VA
12223.0,Northumberland,Virginia,VA
23749.0,Page,Virginia,VA
39449.0,Warren,Virginia,VA
156505.0,Alexandria city,Virginia,VA
28469.0,Fredericksburg city,Virginia,VA
135583.0,Hampton city,Virginia,VA
231803.0,Arlington,Virginia,VA
22408.0,Hopewell city,Virginia,VA
22138.0,Buchanan,Virginia,VA
85153.0,Frederick,Virginia,VA
144012.0,Stafford,Virginia,VA
67587.0,York,Virginia,VA
223787.0,Richmond city,Virginia,VA
14812.0,Nelson,Virginia,VA
61676.0,Pittsylvania,Virginia,VA
3990.0,Norton city,Virginia,VA
26282.0,Fluvanna,Virginia,VA
12854.0,Amelia,Virginia,VA
27789.0,Winchester city,Virginia,VA
32742.0,Accomack,Virginia,VA
15666.0,Floyd,Virginia,VA
15811.0,Grayson,Virginia,VA
15500.0,Nottoway,Virginia,VA
6399.0,Buena Vista city,Virginia,VA
31827.0,Petersburg city,Virginia,VA
23865.0,Fairfax city,Virginia,VA
41457.0,Manassas city,Virginia,VA
89160.0,Suffolk city,Virginia,VA
339447.0,Chesterfield,Virginia,VA
36372.0,Isle of Wight,Virginia,VA
8211.0,Franklin city,Virginia,VA
47042.0,Charlottesville city,Virginia,VA
325642.0,Henrico,Virginia,VA
16497.0,King William,Virginia,VA
35380.0,Louisa,Virginia,VA
22956.0,Prince Edward,Virginia,VA
8878.0,Richmond,Virginia,VA
131412.0,Spotsylvania,Virginia,VA
14365.0,Clarke,Virginia,VA
30847.0,Mecklenburg,Virginia,VA
74701.0,Augusta,Virginia,VA
14960.0,Dickenson,Virginia,VA
385143.0,Loudoun,Virginia,VA
93583.0,Roanoke,Virginia,VA
17593.0,Colonial Heights city,Virginia,VA
6447.0,Bland,Virginia,VA
17004.0,Buckingham,Virginia,VA
5582.0,Covington city,Virginia,VA
450135.0,Virginia Beach city,Virginia,VA
6638.0,Galax city,Virginia,VA
17638.0,Westmoreland,Virginia,VA
34234.0,Pulaski,Virginia,VA
41512.0,Danville city,Virginia,VA
31882.0,Amherst,Virginia,VA
4393.0,Bath,Virginia,VA
180145.0,Newport News city,Virginia,VA
80131.0,Lynchburg city,Virginia,VA
13101.0,Martinsville city,Virginia,VA
11036.0,Essex,Virginia,VA
24452.0,Staunton city,Virginia,VA
17630.0,Radford city,Virginia,VA
5113.0,Craig,Virginia,VA
16814.0,Giles,Virginia,VA
7332.0,Rappahannock,Virginia,VA
68209.0,Harrison,West Virginia,WV
42547.0,Ohio,West Virginia,WV
7396.0,Calhoun,West Virginia,WV
17624.0,Morgan,West Virginia,WV
76232.0,Raleigh,West Virginia,WV
14282.0,Braxton,West Virginia,WV
16730.0,Barbour,West Virginia,WV
19217.0,McDowell,West Virginia,WV
40708.0,Wayne,West Virginia,WV
21711.0,Wyoming,West Virginia,WV
29018.0,Jackson,West Virginia,WV
60486.0,Mercer,West Virginia,WV
24605.0,Upshur,West Virginia,WV
8518.0,Webster,West Virginia,WV
113495.0,Berkeley,West Virginia,WV
44126.0,Fayette,West Virginia,WV
11641.0,Grant,West Virginia,WV
23363.0,Hampshire,West Virginia,WV
13018.0,Summers,West Virginia,WV
22772.0,Brooke,West Virginia,WV
8536.0,Doddridge,West Virginia,WV
27278.0,Mineral,West Virginia,WV
35347.0,Greenbrier,West Virginia,WV
13842.0,Hardy,West Virginia,WV
56497.0,Marion,West Virginia,WV
24741.0,Mingo,West Virginia,WV
29680.0,Hancock,West Virginia,WV
16276.0,Lewis,West Virginia,WV
25324.0,Nicholas,West Virginia,WV
8531.0,Pocahontas,West Virginia,WV
8909.0,Tyler,West Virginia,WV
29065.0,Randolph,West Virginia,WV
16951.0,Taylor,West Virginia,WV
5797.0,Wirt,West Virginia,WV
8785.0,Clay,West Virginia,WV
8205.0,Gilmer,West Virginia,WV
105252.0,Monongalia,West Virginia,WV
13467.0,Monroe,West Virginia,WV
15614.0,Wetzel,West Virginia,WV
95318.0,Cabell,West Virginia,WV
185710.0,Kanawha,West Virginia,WV
7056.0,Pendleton,West Virginia,WV
33837.0,Preston,West Virginia,WV
9932.0,Ritchie,West Virginia,WV
21078.0,Lincoln,West Virginia,WV
56652.0,Putnam,West Virginia,WV
22817.0,Boone,West Virginia,WV
31645.0,Marshall,West Virginia,WV
7027.0,Tucker,West Virginia,WV
7507.0,Pleasants,West Virginia,WV
14205.0,Roane,West Virginia,WV
85556.0,Wood,West Virginia,WV
26939.0,Mason,West Virginia,WV
56179.0,Jefferson,West Virginia,WV
33801.0,Logan,West Virginia,WV
262475.0,Kitsap,Washington,WA
2163257.0,King,Washington,WA
13219.0,Pend Oreille,Washington,WA
16473.0,San Juan,Washington,WA
48593.0,Whitman,Washington,WA
249325.0,Yakima,Washington,WA
105112.0,Cowlitz,Washington,WA
7576.0,Ferry,Washington,WA
76947.0,Lewis,Washington,WA
71967.0,Grays Harbor,Washington,WA
81636.0,Island,Washington,WA
4189.0,Wahkiakum,Washington,WA
90660.0,Franklin,Washington,WA
94860.0,Grant,Washington,WA
216812.0,Whatcom,Washington,WA
41638.0,Okanogan,Washington,WA
44825.0,Kittitas,Washington,WA
194168.0,Benton,Washington,WA
4001.0,Columbia,Washington,WA
22337.0,Asotin,Washington,WA
2224.0,Garfield,Washington,WA
62627.0,Mason,Washington,WA
44214.0,Stevens,Washington,WA
497875.0,Spokane,Washington,WA
75757.0,Chelan,Washington,WA
30856.0,Jefferson,Washington,WA
21281.0,Pacific,Washington,WA
11620.0,Skamania,Washington,WA
74487.0,Clallam,Washington,WA
21396.0,Klickitat,Washington,WA
41371.0,Douglas,Washington,WA
859840.0,Pierce,Washington,WA
60236.0,Walla Walla,Washington,WA
786620.0,Snohomish,Washington,WA
274684.0,Thurston,Washington,WA
465384.0,Clark,Washington,WA
19452.0,Adams,Washington,WA
123907.0,Skagit,Washington,WA
10435.0,Lincoln,Washington,WA
161769.0,Rock,Wisconsin,WI
24116.0,Waushara,Wisconsin,WI
20073.0,Adams,Wisconsin,WI
14992.0,Bayfield,Wisconsin,WI
16735.0,Lafayette,Wisconsin,WI
45502.0,Monroe,Wisconsin,WI
41603.0,Pierce,Wisconsin,WI
73274.0,Wood,Wisconsin,WI
15712.0,Ashland,Wisconsin,WI
49807.0,Calumet,Wisconsin,WI
4337.0,Florence,Wisconsin,WI
34491.0,Clark,Wisconsin,WI
84652.0,Jefferson,Wisconsin,WI
168330.0,Kenosha,Wisconsin,WI
5715.0,Iron,Wisconsin,WI
87917.0,St. Croix,Wisconsin,WI
37556.0,Oconto,Wisconsin,WI
27848.0,Lincoln,Wisconsin,WI
51444.0,Waupaca,Wisconsin,WI
45252.0,Barron,Wisconsin,WI
16370.0,Sawyer,Wisconsin,WI
18757.0,Green Lake,Wisconsin,WI
15207.0,Marquette,Wisconsin,WI
40537.0,Marinette,Wisconsin,WI
195398.0,Racine,Wisconsin,WI
169926.0,Winnebago,Wisconsin,WI
9018.0,Forest,Wisconsin,WI
51828.0,Grant,Wisconsin,WI
14183.0,Rusk,Wisconsin,WI
115205.0,Sheboygan,Wisconsin,WI
19164.0,Langlade,Wisconsin,WI
184754.0,Outagamie,Wisconsin,WI
30516.0,Vernon,Wisconsin,WI
56954.0,Columbia,Wisconsin,WI
20360.0,Kewaunee,Wisconsin,WI
259786.0,Brown,Wisconsin,WI
135264.0,Marathon,Wisconsin,WI
35345.0,Oneida,Wisconsin,WI
29438.0,Trempealeau,Wisconsin,WI
15689.0,Washburn,Wisconsin,WI
87776.0,Dodge,Wisconsin,WI
103013.0,Walworth,Wisconsin,WI
16288.0,Crawford,Wisconsin,WI
79407.0,Manitowoc,Wisconsin,WI
63596.0,Sauk,Wisconsin,WI
15258.0,Burnett,Wisconsin,WI
63635.0,Chippewa,Wisconsin,WI
27439.0,Door,Wisconsin,WI
43402.0,Douglas,Wisconsin,WI
20506.0,Jackson,Wisconsin,WI
23620.0,Iowa,Wisconsin,WI
88284.0,Ozaukee,Wisconsin,WI
17539.0,Richland,Wisconsin,WI
20356.0,Taylor,Wisconsin,WI
13490.0,Price,Wisconsin,WI
954209.0,Milwaukee,Wisconsin,WI
44498.0,Dunn,Wisconsin,WI
36864.0,Green,Wisconsin,WI
41009.0,Shawano,Wisconsin,WI
4579.0,Menominee,Wisconsin,WI
13167.0,Buffalo,Wisconsin,WI
117850.0,La Crosse,Wisconsin,WI
102991.0,Eau Claire,Wisconsin,WI
43349.0,Polk,Wisconsin,WI
398879.0,Waukesha,Wisconsin,WI
21593.0,Vilas,Wisconsin,WI
26419.0,Juneau,Wisconsin,WI
134535.0,Washington,Wisconsin,WI
529843.0,Dane,Wisconsin,WI
102315.0,Fond du Lac,Wisconsin,WI
7262.0,Pepin,Wisconsin,WI
70599.0,Portage,Wisconsin,WI
47708.0,Campbell,Wyoming,WY
8515.0,Johnson,Wyoming,WY
80610.0,Natrona,Wyoming,WY
13997.0,Converse,Wyoming,WY
2448.0,Niobrara,Wyoming,WY
23059.0,Teton,Wyoming,WY
44117.0,Sweetwater,Wyoming,WY
8673.0,Platte,Wyoming,WY
29121.0,Park,Wyoming,WY
30012.0,Sheridan,Wyoming,WY
11901.0,Big Horn,Wyoming,WY
7410.0,Crook,Wyoming,WY
38102.0,Albany,Wyoming,WY
15477.0,Carbon,Wyoming,WY
13438.0,Goshen,Wyoming,WY
20609.0,Uinta,Wyoming,WY
8129.0,Washakie,Wyoming,WY
4680.0,Hot Springs,Wyoming,WY
40076.0,Fremont,Wyoming,WY
9951.0,Sublette,Wyoming,WY
7100.0,Weston,Wyoming,WY
19011.0,Lincoln,Wyoming,WY
97692.0,Laramie,Wyoming,WY
21512.0,Monroe,Alabama,AL
33171.0,Lawrence,Alabama,AL
159287.0,Lee,Alabama,AL
20298.0,Pickens,Alabama,AL
12985.0,Sumter,Alabama,AL
13075.0,Choctaw,Alabama,AL
19538.0,Marengo,Alabama,AL
58213.0,Russell,Alabama,AL
37351.0,Covington,Alabama,AL
13865.0,Crenshaw,Alabama,AL
92585.0,Lauderdale,Alabama,AL
10236.0,Lowndes,Alabama,AL
93052.0,Limestone,Alabama,AL
87306.0,St. Clair,Alabama,AL
23875.0,Winston,Alabama,AL
82313.0,Cullman,Alabama,AL
81212.0,Elmore,Alabama,AL
52094.0,Jackson,Alabama,AL
80565.0,Talladega,Alabama,AL
16643.0,Washington,Alabama,AL
51288.0,Coffee,Alabama,AL
119122.0,Morgan,Alabama,AL
43930.0,Chilton,Alabama,AL
54495.0,Colbert,Alabama,AL
49255.0,Dale,Alabama,AL
102939.0,Etowah,Alabama,AL
71200.0,DeKalb,Alabama,AL
13933.0,Lamar,Alabama,AL
22574.0,Randolph,Alabama,AL
414659.0,Mobile,Alabama,AL
64493.0,Walker,Alabama,AL
14938.0,Cleburne,Alabama,AL
8426.0,Greene,Alabama,AL
25782.0,Barbour,Alabama,AL
10352.0,Bullock,Alabama,AL
115098.0,Calhoun,Alabama,AL
24387.0,Clarke,Alabama,AL
226941.0,Montgomery,Alabama,AL
95145.0,Marshall,Alabama,AL
17124.0,Henry,Alabama,AL
357560.0,Madison,Alabama,AL
40636.0,Tallapoosa,Alabama,AL
10809.0,Wilcox,Alabama,AL
29965.0,Marion,Alabama,AL
659892.0,Jefferson,Alabama,AL
31542.0,Franklin,Alabama,AL
25853.0,Cherokee,Alabama,AL
40029.0,Dallas,Alabama,AL
19054.0,Macon,Alabama,AL
211261.0,Shelby,Alabama,AL
208107.0,Baldwin,Alabama,AL
104352.0,Houston,Alabama,AL
206213.0,Tuscaloosa,Alabama,AL
13378.0,Clay,Alabama,AL
33403.0,Pike,Alabama,AL
10855.0,Coosa,Alabama,AL
14887.0,Hale,Alabama,AL
37328.0,Escambia,Alabama,AL
20025.0,Butler,Alabama,AL
9486.0,Perry,Alabama,AL
12514.0,Conecuh,Alabama,AL
22527.0,Bibb,Alabama,AL
33826.0,Chambers,Alabama,AL
16585.0,Fayette,Alabama,AL
57645.0,Blount,Alabama,AL
55200.0,Autauga,Alabama,AL
26491.0,Geneva,Alabama,AL
5750.0,Aleutians West Census Area,Alaska,AK
2232.0,Denali Borough,Alaska,AK
58220.0,Kenai Peninsula Borough,Alaska,AK
890.0,Bristol Bay Borough,Alaska,AK
13649.0,Kodiak Island Borough,Alaska,AK
7734.0,Northwest Arctic Borough,Alaska,AK
18040.0,Bethel Census Area,Alaska,AK
9797.0,North Slope Borough,Alaska,AK
8738.0,Sitka City and Borough,Alaska,AK
99653.0,Fairbanks North Star Borough,Alaska,AK
13804.0,Ketchikan Gateway Borough,Alaska,AK
103464.0,Matanuska-Susitna Borough,Alaska,AK
9925.0,Nome Census Area,Alaska,AK
4975.0,Dillingham Census Area,Alaska,AK
2518.0,Haines Borough,Alaska,AK
689.0,Yakutat City and Borough,Alaska,AK
32330.0,Juneau City and Borough,Alaska,AK
1375.0,Lake and Peninsula Borough,Alaska,AK
6876.0,Southeast Fairbanks Census Area,Alaska,AK
5415.0,Yukon-Koyukuk Census Area,Alaska,AK
296112.0,Anchorage Municipality,Alaska,AK
3425.0,Aleutians East Borough,Alaska,AK
1061.0,Skagway Municipality,Alaska,AK
6474.0,Prince of Wales-Hyder Census Area,Alaska,AK
3255.0,Petersburg Borough,Alaska,AK
8198.0,Kusilvak Census Area,Alaska,AK
9301.0,Valdez-Cordova Census Area,Alaska,AK
2132.0,Hoonah-Angoon Census Area,Alaska,AK
2484.0,Wrangell City and Borough,Alaska,AK
4253913.0,Maricopa,Arizona,AZ
37879.0,Graham,Arizona,AZ
46584.0,Santa Cruz,Arizona,AZ
20701.0,La Paz,Arizona,AZ
206064.0,Mohave,Arizona,AZ
140217.0,Coconino,Arizona,AZ
207829.0,Yuma,Arizona,AZ
9504.0,Greenlee,Arizona,AZ
419721.0,Pinal,Arizona,AZ
1019722.0,Pima,Arizona,AZ
53400.0,Gila,Arizona,AZ
126279.0,Cochise,Arizona,AZ
71522.0,Apache,Arizona,AZ
224645.0,Yavapai,Arizona,AZ
108705.0,Navajo,Arizona,AZ
26294.0,St. Francis,Arkansas,AR
78804.0,White,Arkansas,AR
8440.0,Nevada,Arkansas,AR
16998.0,Cross,Arkansas,AR
18502.0,Drew,Arkansas,AR
23892.0,Columbia,Arkansas,AR
118009.0,Saline,Arkansas,AR
16684.0,Van Buren,Arkansas,AR
13559.0,Izard,Arkansas,AR
13695.0,Lincoln,Arkansas,AR
21757.0,Logan,Arkansas,AR
49013.0,Crittenden,Arkansas,AR
17780.0,Franklin,Arkansas,AR
10808.0,Pike,Arkansas,AR
70424.0,Jefferson,Arkansas,AR
8993.0,Montgomery,Arkansas,AR
10442.0,Scott,Arkansas,AR
127461.0,Sebastian,Arkansas,AR
258980.0,Benton,Arkansas,AR
10826.0,Chicot,Arkansas,AR
26291.0,Johnson,Arkansas,AR
9398.0,Lee,Arkansas,AR
63644.0,Pope,Arkansas,AR
11887.0,Desha,Arkansas,AR
12139.0,Fulton,Arkansas,AR
98296.0,Garland,Arkansas,AR
8244.0,Prairie,Arkansas,AR
6660.0,Woodruff,Arkansas,AR
25230.0,Cleburne,Arkansas,AR
8226.0,Cleveland,Arkansas,AR
17225.0,Jackson,Arkansas,AR
22018.0,Hempstead,Arkansas,AR
17043.0,Sharp,Arkansas,AR
12446.0,Stone,Arkansas,AR
228529.0,Washington,Arkansas,AR
41219.0,Baxter,Arkansas,AR
20537.0,Ashley,Arkansas,AR
105701.0,Craighead,Arkansas,AR
44623.0,Greene,Arkansas,AR
6915.0,Lafayette,Arkansas,AR
10322.0,Perry,Arkansas,AR
19034.0,Phillips,Arkansas,AR
24054.0,Poinsett,Arkansas,AR
17193.0,Sevier,Arkansas,AR
21573.0,Yell,Arkansas,AR
5202.0,Calhoun,Arkansas,AR
22385.0,Clark,Arkansas,AR
10948.0,Bradley,Arkansas,AR
7249.0,Monroe,Arkansas,AR
20163.0,Polk,Arkansas,AR
24106.0,Ouachita,Arkansas,AR
7848.0,Newton,Arkansas,AR
12417.0,Little River,Arkansas,AR
27887.0,Carroll,Arkansas,AR
43759.0,Miller,Arkansas,AR
393463.0,Pulaski,Arkansas,AR
15061.0,Clay,Arkansas,AR
7432.0,Dallas,Arkansas,AR
17603.0,Randolph,Arkansas,AR
37288.0,Boone,Arkansas,AR
37264.0,Independence,Arkansas,AR
18086.0,Grant,Arkansas,AR
122416.0,Faulkner,Arkansas,AR
16438.0,Marion,Arkansas,AR
7923.0,Searcy,Arkansas,AR
62472.0,Crawford,Arkansas,AR
33520.0,Hot Spring,Arkansas,AR
16076.0,Madison,Arkansas,AR
13389.0,Howard,Arkansas,AR
42831.0,Mississippi,Arkansas,AR
39732.0,Union,Arkansas,AR
16669.0,Lawrence,Arkansas,AR
20906.0,Conway,Arkansas,AR
18124.0,Arkansas,Arkansas,AR
72206.0,Lonoke,Arkansas,AR
22113.0,Adair,Oklahoma,OK
43983.0,Stephens,Oklahoma,OK
2189.0,Cimarron,Oklahoma,OK
48406.0,Carter,Oklahoma,OK
4418.0,Grant,Oklahoma,OK
5943.0,Greer,Oklahoma,OK
38634.0,McClain,Oklahoma,OK
19819.0,McIntosh,Oklahoma,OK
13875.0,Murray,Oklahoma,OK
11411.0,Noble,Oklahoma,OK
31566.0,Ottawa,Oklahoma,OK
41359.0,Sequoyah,Oklahoma,OK
77850.0,Wagoner,Oklahoma,OK
9127.0,Woods,Oklahoma,OK
29342.0,Caddo,Oklahoma,OK
69084.0,Muskogee,Oklahoma,OK
12115.0,Okfuskee,Oklahoma,OK
45759.0,Bryan,Oklahoma,OK
3847.0,Harper,Oklahoma,OK
44880.0,Kay,Oklahoma,OK
14493.0,Craig,Oklahoma,OK
642781.0,Tulsa,Oklahoma,OK
136710.0,Canadian,Oklahoma,OK
2721.0,Harmon,Oklahoma,OK
11119.0,Pushmataha,Oklahoma,OK
10495.0,Latimer,Oklahoma,OK
47311.0,Osage,Oklahoma,OK
21121.0,Texas,Oklahoma,OK
62190.0,Garfield,Oklahoma,OK
11041.0,Johnston,Oklahoma,OK
44382.0,Pittsburg,Oklahoma,OK
3708.0,Roger Mills,Oklahoma,OK
20967.0,Woodward,Oklahoma,OK
48599.0,Cherokee,Oklahoma,OK
42112.0,Delaware,Oklahoma,OK
4072.0,Ellis,Oklahoma,OK
54733.0,Grady,Oklahoma,OK
81512.0,Payne,Oklahoma,OK
72000.0,Pottawatomie,Oklahoma,OK
71160.0,Creek,Oklahoma,OK
7515.0,Tillman,Oklahoma,OK
11432.0,Washita,Oklahoma,OK
5929.0,Cotton,Oklahoma,OK
9001.0,Kiowa,Oklahoma,OK
49909.0,Le Flore,Oklahoma,OK
32966.0,McCurtain,Oklahoma,OK
7718.0,Major,Oklahoma,OK
40980.0,Mayes,Oklahoma,OK
782051.0,Oklahoma,Oklahoma,OK
29209.0,Custer,Oklahoma,OK
5415.0,Beaver,Oklahoma,OK
9933.0,Love,Oklahoma,OK
22621.0,Beckham,Oklahoma,OK
14886.0,Choctaw,Oklahoma,OK
25384.0,Jackson,Oklahoma,OK
34854.0,Lincoln,Oklahoma,OK
25071.0,Seminole,Oklahoma,OK
9634.0,Blaine,Oklahoma,OK
5618.0,Coal,Oklahoma,OK
15618.0,Kingfisher,Oklahoma,OK
16376.0,Marshall,Oklahoma,OK
10383.0,Nowata,Oklahoma,OK
90814.0,Rogers,Oklahoma,OK
5857.0,Alfalfa,Oklahoma,OK
276733.0,Cleveland,Oklahoma,OK
13874.0,Atoka,Oklahoma,OK
4918.0,Dewey,Oklahoma,OK
46044.0,Logan,Oklahoma,OK
52001.0,Washington,Oklahoma,OK
12704.0,Haskell,Oklahoma,OK
38889.0,Okmulgee,Oklahoma,OK
6223.0,Jefferson,Oklahoma,OK
27823.0,Garvin,Oklahoma,OK
38358.0,Pontotoc,Oklahoma,OK
13460.0,Hughes,Oklahoma,OK
122561.0,Comanche,Oklahoma,OK
16428.0,Pawnee,Oklahoma,OK
335553.0,Marion,Oregon,OR
214267.0,Jackson,Oregon,OR
7183.0,Grant,Oregon,OR
23143.0,Jefferson,Oregon,OR
405788.0,Clackamas,Oregon,OR
122870.0,Linn,Oregon,OR
26076.0,Tillamook,Oregon,OR
15984.0,Baker,Oregon,OR
85481.0,Josephine,Oregon,OR
76898.0,Umatilla,Oregon,OR
47881.0,Lincoln,Oregon,OR
50851.0,Columbia,Oregon,OR
1605.0,Sherman,Oregon,OR
25866.0,Wasco,Oregon,OR
368882.0,Lane,Oregon,OR
30431.0,Malheur,Oregon,OR
581821.0,Washington,Oregon,OR
11215.0,Morrow,Oregon,OR
38562.0,Clatsop,Oregon,OR
22507.0,Curry,Oregon,OR
1907.0,Gilliam,Oregon,OR
7843.0,Lake,Oregon,OR
26028.0,Union,Oregon,OR
108323.0,Douglas,Oregon,OR
81427.0,Polk,Oregon,OR
180640.0,Deschutes,Oregon,OR
103820.0,Yamhill,Oregon,OR
66310.0,Klamath,Oregon,OR
89780.0,Benton,Oregon,OR
22337.0,Crook,Oregon,OR
7228.0,Harney,Oregon,OR
6924.0,Wallowa,Oregon,OR
1426.0,Wheeler,Oregon,OR
63308.0,Coos,Oregon,OR
23131.0,Hood River,Oregon,OR
798647.0,Multnomah,Oregon,OR
563527.0,Delaware,Pennsylvania,PA
45114.0,Union,Pennsylvania,PA
51536.0,Wayne,Pennsylvania,PA
274515.0,Dauphin,Pennsylvania,PA
354751.0,Westmoreland,Pennsylvania,PA
7351.0,Forest,Pennsylvania,PA
167586.0,Monroe,Pennsylvania,PA
1575522.0,Philadelphia,Pennsylvania,PA
123842.0,Blair,Pennsylvania,PA
134550.0,Cambria,Pennsylvania,PA
416642.0,Berks,Pennsylvania,PA
45421.0,Huntingdon,Pennsylvania,PA
87382.0,Lawrence,Pennsylvania,PA
46362.0,Mifflin,Pennsylvania,PA
247433.0,Cumberland,Pennsylvania,PA
1225561.0,Allegheny,Pennsylvania,PA
40466.0,Snyder,Pennsylvania,PA
41340.0,Susquehanna,Pennsylvania,PA
86164.0,Crawford,Pennsylvania,PA
275972.0,Erie,Pennsylvania,PA
14506.0,Fulton,Pennsylvania,PA
24562.0,Juniata,Pennsylvania,PA
143555.0,Schuylkill,Pennsylvania,PA
27588.0,Wyoming,Pennsylvania,PA
102023.0,Adams,Pennsylvania,PA
66331.0,Armstrong,Pennsylvania,PA
39074.0,Clinton,Pennsylvania,PA
63931.0,Carbon,Pennsylvania,PA
161443.0,Centre,Pennsylvania,PA
92325.0,Northumberland,Pennsylvania,PA
301778.0,Northampton,Pennsylvania,PA
4686.0,Cameron,Pennsylvania,PA
52376.0,Venango,Pennsylvania,PA
166896.0,Beaver,Pennsylvania,PA
626370.0,Bucks,Pennsylvania,PA
211454.0,Lackawanna,Pennsylvania,PA
41806.0,McKean,Pennsylvania,PA
132289.0,Fayette,Pennsylvania,PA
821301.0,Montgomery,Pennsylvania,PA
37144.0,Greene,Pennsylvania,PA
138674.0,Lebanon,Pennsylvania,PA
317884.0,Luzerne,Pennsylvania,PA
18294.0,Montour,Pennsylvania,PA
66220.0,Columbia,Pennsylvania,PA
186566.0,Butler,Pennsylvania,PA
44084.0,Jefferson,Pennsylvania,PA
538347.0,Lancaster,Pennsylvania,PA
45924.0,Perry,Pennsylvania,PA
16937.0,Potter,Pennsylvania,PA
41226.0,Tioga,Pennsylvania,PA
153751.0,Franklin,Pennsylvania,PA
48611.0,Bedford,Pennsylvania,PA
74949.0,Somerset,Pennsylvania,PA
444014.0,York,Pennsylvania,PA
61304.0,Bradford,Pennsylvania,PA
517156.0,Chester,Pennsylvania,PA
85755.0,Indiana,Pennsylvania,PA
207547.0,Washington,Pennsylvania,PA
55498.0,Pike,Pennsylvania,PA
362613.0,Lehigh,Pennsylvania,PA
38827.0,Clarion,Pennsylvania,PA
80216.0,Clearfield,Pennsylvania,PA
114859.0,Lycoming,Pennsylvania,PA
40035.0,Warren,Pennsylvania,PA
30608.0,Elk,Pennsylvania,PA
112630.0,Mercer,Pennsylvania,PA
6177.0,Sullivan,Pennsylvania,PA
634533.0,Providence,Rhode Island,RI
48900.0,Bristol,Rhode Island,RI
83075.0,Newport,Rhode Island,RI
163861.0,Kent,Rhode Island,RI
126242.0,Washington,Rhode Island,RI
166926.0,Aiken,South Carolina,SC
38068.0,Newberry,South Carolina,SC
26769.0,Edgefield,South Carolina,SC
34017.0,Clarendon,South Carolina,SC
37568.0,Colleton,South Carolina,SC
106995.0,Sumter,South Carolina,SC
286316.0,Lexington,South Carolina,SC
21577.0,Barnwell,South Carolina,SC
258641.0,York,South Carolina,SC
209065.0,Berkeley,South Carolina,SC
67253.0,Darlington,South Carolina,SC
61605.0,Georgetown,South Carolina,SC
195995.0,Anderson,South Carolina,SC
46024.0,Chesterfield,South Carolina,SC
70264.0,Greenwood,South Carolina,SC
320915.0,Horry,South Carolina,SC
64361.0,Kershaw,South Carolina,SC
88454.0,Orangeburg,South Carolina,SC
24657.0,Abbeville,South Carolina,SC
14600.0,Bamberg,South Carolina,SC
14713.0,Calhoun,South Carolina,SC
30871.0,Dillon,South Carolina,SC
408263.0,Richland,South Carolina,SC
22712.0,Fairfield,South Carolina,SC
19807.0,Hampton,South Carolina,SC
498402.0,Greenville,South Carolina,SC
89546.0,Lancaster,South Carolina,SC
155474.0,Dorchester,South Carolina,SC
138561.0,Florence,South Carolina,SC
66710.0,Laurens,South Carolina,SC
9606.0,McCormick,South Carolina,SC
122746.0,Pickens,South Carolina,SC
27644.0,Union,South Carolina,SC
31794.0,Williamsburg,South Carolina,SC
76696.0,Oconee,South Carolina,SC
9214.0,Allendale,South Carolina,SC
32326.0,Chester,South Carolina,SC
31562.0,Marion,South Carolina,SC
394708.0,Charleston,South Carolina,SC
27131.0,Marlboro,South Carolina,SC
56711.0,Cherokee,South Carolina,SC
27900.0,Jasper,South Carolina,SC
17606.0,Lee,South Carolina,SC
302195.0,Spartanburg,South Carolina,SC
182658.0,Beaufort,South Carolina,SC
20299.0,Saluda,South Carolina,SC
2759.0,Aurora,South Dakota,SD
7217.0,Grant,South Dakota,SD
5468.0,Tripp,South Dakota,SD
3287.0,Jackson,South Dakota,SD
186749.0,Minnehaha,South Dakota,SD
8573.0,Custer,South Dakota,SD
1331.0,Hyde,South Dakota,SD
3673.0,Clark,South Dakota,SD
2322.0,Faulk,South Dakota,SD
4967.0,Kingsbury,South Dakota,SD
5510.0,Walworth,South Dakota,SD
13925.0,Clay,South Dakota,SD
5506.0,Day,South Dakota,SD
2930.0,Douglas,South Dakota,SD
1311.0,Harding,South Dakota,SD
2364.0,McPherson,South Dakota,SD
10285.0,Roberts,South Dakota,SD
1331.0,Sully,South Dakota,SD
54914.0,Lincoln,South Dakota,SD
12574.0,Lake,South Dakota,SD
25234.0,Lawrence,South Dakota,SD
27993.0,Codington,South Dakota,SD
10177.0,Butte,South Dakota,SD
4168.0,Corson,South Dakota,SD
3940.0,Edmunds,South Dakota,SD
1435.0,Campbell,South Dakota,SD
3437.0,Bennett,South Dakota,SD
2082.0,Haakon,South Dakota,SD
735.0,Jones,South Dakota,SD
27424.0,Meade,South Dakota,SD
5511.0,McCook,South Dakota,SD
8264.0,Turner,South Dakota,SD
38840.0,Brown,South Dakota,SD
3397.0,Hanson,South Dakota,SD
2055.0,Mellette,South Dakota,SD
2907.0,Perkins,South Dakota,SD
109294.0,Pennington,South Dakota,SD
15177.0,Union,South Dakota,SD
2229.0,Miner,South Dakota,SD
2814.0,Ziebach,South Dakota,SD
4306.0,Deuel,South Dakota,SD
6969.0,Bon Homme,South Dakota,SD
5256.0,Brule,South Dakota,SD
6774.0,Fall River,South Dakota,SD
4201.0,Gregory,South Dakota,SD
14335.0,Oglala Lakota,South Dakota,SD
7315.0,Hutchinson,South Dakota,SD
2053.0,Buffalo,South Dakota,SD
5779.0,Dewey,South Dakota,SD
17617.0,Hughes,South Dakota,SD
2388.0,Sanborn,South Dakota,SD
3301.0,Hand,South Dakota,SD
22717.0,Yankton,South Dakota,SD
18374.0,Beadle,South Dakota,SD
19901.0,Davison,South Dakota,SD
2029.0,Jerauld,South Dakota,SD
2997.0,Stanley,South Dakota,SD
2326.0,Potter,South Dakota,SD
9344.0,Charles Mix,South Dakota,SD
4895.0,Marshall,South Dakota,SD
6506.0,Moody,South Dakota,SD
10146.0,Todd,South Dakota,SD
3869.0,Lyman,South Dakota,SD
6543.0,Spink,South Dakota,SD
34239.0,Brookings,South Dakota,SD
6000.0,Hamlin,South Dakota,SD
89776.0,Maury,Tennessee,TN
19293.0,Union,Tennessee,TN
196387.0,Montgomery,Tennessee,TN
51988.0,Dickson,Tennessee,TN
21596.0,Morgan,Tennessee,TN
13331.0,Grundy,Tennessee,TN
45876.0,Monroe,Tennessee,TN
32279.0,Henry,Tennessee,TN
35336.0,Cocke,Tennessee,TN
14499.0,Crockett,Tennessee,TN
19601.0,DeKalb,Tennessee,TN
7526.0,Lake,Tennessee,TN
456185.0,Knox,Tennessee,TN
11956.0,Lewis,Tennessee,TN
52773.0,McMinn,Tennessee,TN
32269.0,Marshall,Tennessee,TN
30520.0,Obion,Tennessee,TN
32628.0,Rhea,Tennessee,TN
21954.0,Scott,Tennessee,TN
61446.0,Tipton,Tennessee,TN
75775.0,Anderson,Tennessee,TN
37576.0,Dyer,Tennessee,TN
17994.0,Fentress,Tennessee,TN
49175.0,Gibson,Tennessee,TN
357546.0,Hamilton,Tennessee,TN
51610.0,Loudon,Tennessee,TN
307128.0,Rutherford,Tennessee,TN
19458.0,Smith,Tennessee,TN
132663.0,Wilson,Tennessee,TN
156734.0,Sullivan,Tennessee,TN
40454.0,Warren,Tennessee,TN
127055.0,Washington,Tennessee,TN
16112.0,Benton,Tennessee,TN
39687.0,Campbell,Tennessee,TN
13976.0,Cannon,Tennessee,TN
39692.0,Fayette,Tennessee,TN
6585.0,Hancock,Tennessee,TN
17789.0,Johnson,Tennessee,TN
33711.0,Lincoln,Tennessee,TN
6322.0,Moore,Tennessee,TN
41512.0,Franklin,Tennessee,TN
128443.0,Blount,Tennessee,TN
42937.0,Lawrence,Tennessee,TN
56391.0,Carter,Tennessee,TN
23013.0,Grainger,Tennessee,TN
26297.0,Lauderdale,Tennessee,TN
28417.0,Marion,Tennessee,TN
22004.0,Overton,Tennessee,TN
179473.0,Sumner,Tennessee,TN
9573.0,Trousdale,Tennessee,TN
218648.0,Williamson,Tennessee,TN
7686.0,Clay,Tennessee,TN
68669.0,Greene,Tennessee,TN
937005.0,Shelby,Tennessee,TN
5704.0,Van Buren,Tennessee,TN
27859.0,Henderson,Tennessee,TN
24678.0,Hickman,Tennessee,TN
53247.0,Jefferson,Tennessee,TN
14730.0,Sequatchie,Tennessee,TN
96287.0,Sevier,Tennessee,TN
28018.0,Carroll,Tennessee,TN
17150.0,Chester,Tennessee,TN
684017.0,Davidson,Tennessee,TN
11615.0,Jackson,Tennessee,TN
7912.0,Perry,Tennessee,TN
52897.0,Roane,Tennessee,TN
11962.0,Meigs,Tennessee,TN
63740.0,Hamblen,Tennessee,TN
17779.0,Haywood,Tennessee,TN
8176.0,Houston,Tennessee,TN
25771.0,Hardin,Tennessee,TN
25562.0,Hardeman,Tennessee,TN
16782.0,Polk,Tennessee,TN
26580.0,White,Tennessee,TN
17780.0,Unicoi,Tennessee,TN
33626.0,Weakley,Tennessee,TN
14602.0,Bledsoe,Tennessee,TN
54531.0,Coffee,Tennessee,TN
56402.0,Hawkins,Tennessee,TN
23487.0,Macon,Tennessee,TN
69344.0,Robertson,Tennessee,TN
39929.0,Cheatham,Tennessee,TN
29167.0,Giles,Tennessee,TN
97682.0,Madison,Tennessee,TN
5088.0,Pickett,Tennessee,TN
16649.0,Wayne,Tennessee,TN
47558.0,Bedford,Tennessee,TN
58634.0,Cumberland,Tennessee,TN
31613.0,Claiborne,Tennessee,TN
18318.0,Humphreys,Tennessee,TN
76440.0,Putnam,Tennessee,TN
13301.0,Stewart,Tennessee,TN
11683.0,Decatur,Tennessee,TN
25903.0,McNairy,Tennessee,TN
104557.0,Bradley,Tennessee,TN
13191.0,Cass,Iowa,IA
11468.0,Cherokee,Iowa,IA
17132.0,Crawford,Iowa,IA
39600.0,Des Moines,Iowa,IA
19929.0,Fayette,Iowa,IA
14143.0,Harrison,Iowa,IA
15075.0,Kossuth,Iowa,IA
14957.0,Mills,Iowa,IA
8796.0,Monona,Iowa,IA
42950.0,Muscatine,Iowa,IA
6115.0,Osceola,Iowa,IA
474274.0,Polk,Iowa,IA
36757.0,Webster,Iowa,IA
96922.0,Story,Iowa,IA
102398.0,Woodbury,Iowa,IA
133009.0,Black Hawk,Iowa,IA
12341.0,Grundy,Iowa,IA
19395.0,Jackson,Iowa,IA
20568.0,Jones,Iowa,IA
34541.0,Lee,Iowa,IA
10631.0,Mitchell,Iowa,IA
49361.0,Warren,Iowa,IA
9868.0,Sac,Iowa,IA
25039.0,Plymouth,Iowa,IA
16313.0,Clay,Iowa,IA
47218.0,Clinton,Iowa,IA
17258.0,Delaware,Iowa,IA
6413.0,Wayne,Iowa,IA
222121.0,Linn,Iowa,IA
172288.0,Scott,Iowa,IA
13911.0,O'Brien,Iowa,IA
25626.0,Benton,Iowa,IA
96802.0,Dubuque,Iowa,IA
15110.0,Hamilton,Iowa,IA
6898.0,Pocahontas,Iowa,IA
12453.0,Union,Iowa,IA
7223.0,Van Buren,Iowa,IA
4984.0,Ringgold,Iowa,IA
8885.0,Davis,Iowa,IA
7124.0,Adair,Iowa,IA
5637.0,Audubon,Iowa,IA
9282.0,Clarke,Iowa,IA
6916.0,Ida,Iowa,IA
10200.0,Keokuk,Iowa,IA
7863.0,Monroe,Iowa,IA
35315.0,Wapello,Iowa,IA
34825.0,Sioux,Iowa,IA
9780.0,Calhoun,Iowa,IA
18445.0,Cedar,Iowa,IA
42984.0,Cerro Gordo,Iowa,IA
9003.0,Greene,Iowa,IA
17127.0,Hardin,Iowa,IA
8597.0,Lucas,Iowa,IA
10571.0,Winnebago,Iowa,IA
9055.0,Palo Alto,Iowa,IA
12510.0,Appanoose,Iowa,IA
16207.0,Iowa,Iowa,IA
36891.0,Jasper,Iowa,IA
20401.0,Winneshiek,Iowa,IA
18605.0,Poweshiek,Iowa,IA
40271.0,Marshall,Iowa,IA
26399.0,Boone,Iowa,IA
24782.0,Bremer,Iowa,IA
9264.0,Howard,Iowa,IA
9551.0,Emmet,Iowa,IA
10888.0,Hancock,Iowa,IA
15890.0,Madison,Iowa,IA
33207.0,Marion,Iowa,IA
12804.0,Wright,Iowa,IA
10155.0,Montgomery,Iowa,IA
22208.0,Mahaska,Iowa,IA
21125.0,Buchanan,Iowa,IA
8044.0,Decatur,Iowa,IA
18077.0,Jefferson,Iowa,IA
13880.0,Allamakee,Iowa,IA
84002.0,Dallas,Iowa,IA
14735.0,Butler,Iowa,IA
6968.0,Fremont,Iowa,IA
6201.0,Taylor,Iowa,IA
7489.0,Worth,Iowa,IA
3726.0,Adams,Iowa,IA
12099.0,Chickasaw,Iowa,IA
17056.0,Dickinson,Iowa,IA
147001.0,Johnson,Iowa,IA
17136.0,Tama,Iowa,IA
10245.0,Franklin,Iowa,IA
20344.0,Carroll,Iowa,IA
15858.0,Floyd,Iowa,IA
11223.0,Louisa,Iowa,IA
11769.0,Lyon,Iowa,IA
11694.0,Shelby,Iowa,IA
19926.0,Henry,Iowa,IA
15363.0,Page,Iowa,IA
93503.0,Pottawattamie,Iowa,IA
17672.0,Clayton,Iowa,IA
20260.0,Buena Vista,Iowa,IA
10674.0,Guthrie,Iowa,IA
9566.0,Humboldt,Iowa,IA
22143.0,Washington,Iowa,IA
3663.0,Smith,Kansas,KS
7616.0,Grant,Kansas,KS
7470.0,Kingman,Kansas,KS
66468.0,Butler,Kansas,KS
10104.0,Nemaha,Kansas,KS
23545.0,Pottawatomie,Kansas,KS
20331.0,Cherokee,Kansas,KS
3097.0,Lincoln,Kansas,KS
23208.0,Sumner,Kansas,KS
2858.0,Trego,Kansas,KS
8780.0,Wilson,Kansas,KS
3170.0,Woodson,Kansas,KS
2955.0,Ness,Kansas,KS
3603.0,Osborne,Kansas,KS
14702.0,Bourbon,Kansas,KS
2616.0,Hamilton,Kansas,KS
2526.0,Kiowa,Kansas,KS
178284.0,Shawnee,Kansas,KS
5966.0,Sherman,Kansas,KS
7824.0,Thomas,Kansas,KS
32970.0,Montgomery,Kansas,KS
5566.0,Morris,Kansas,KS
2509.0,Rawlins,Kansas,KS
5118.0,Rooks,Kansas,KS
2053.0,Clark,Kansas,KS
6293.0,Ellsworth,Kansas,KS
5673.0,Harper,Kansas,KS
6977.0,Russell,Kansas,KS
33299.0,Lyon,Kansas,KS
6709.0,Pawnee,Kansas,KS
12630.0,Allen,Kansas,KS
1780.0,Comanche,Kansas,KS
2562.0,Elk,Kansas,KS
2619.0,Gove,Kansas,KS
34555.0,Harvey,Kansas,KS
1842.0,Hodgeman,Kansas,KS
3932.0,Kearny,Kansas,KS
4214.0,Stafford,Kansas,KS
28630.0,McPherson,Kansas,KS
15882.0,Osage,Kansas,KS
1200.0,Greeley,Kansas,KS
8296.0,Coffey,Kansas,KS
39108.0,Crawford,Kansas,KS
28878.0,Ellis,Kansas,KS
6156.0,Greenwood,Kansas,KS
20367.0,Labette,Kansas,KS
9635.0,Linn,Kansas,KS
512064.0,Sedgwick,Kansas,KS
22692.0,Seward,Kansas,KS
4686.0,Republic,Kansas,KS
2545.0,Graham,Kansas,KS
585502.0,Johnson,Kansas,KS
119319.0,Douglas,Kansas,KS
2506.0,Sheridan,Kansas,KS
33127.0,Miami,Kansas,KS
6037.0,Gray,Kansas,KS
1575.0,Wallace,Kansas,KS
5686.0,Stevens,Kansas,KS
5525.0,Washington,Kansas,KS
3367.0,Chautauqua,Kansas,KS
2838.0,Morton,Kansas,KS
63101.0,Reno,Kansas,KS
9060.0,Cloud,Kansas,KS
4949.0,Scott,Kansas,KS
7736.0,Doniphan,Kansas,KS
4047.0,Haskell,Kansas,KS
1642.0,Lane,Kansas,KS
16125.0,Neosho,Kansas,KS
9664.0,Brown,Kansas,KS
5408.0,Phillips,Kansas,KS
75296.0,Riley,Kansas,KS
2881.0,Decatur,Kansas,KS
18888.0,Jefferson,Kansas,KS
13318.0,Jackson,Kansas,KS
2810.0,Logan,Kansas,KS
164345.0,Wyandotte,Kansas,KS
8142.0,Clay,Kansas,KS
54977.0,Saline,Kansas,KS
6888.0,Wabaunsee,Kansas,KS
6222.0,Mitchell,Kansas,KS
16363.0,Atchison,Kansas,KS
36957.0,Finney,Kansas,KS
80042.0,Leavenworth,Kansas,KS
2063.0,Stanton,Kansas,KS
4261.0,Meade,Kansas,KS
9582.0,Pratt,Kansas,KS
7852.0,Anderson,Kansas,KS
34895.0,Geary,Kansas,KS
34484.0,Ford,Kansas,KS
9798.0,Marshall,Kansas,KS
2677.0,Cheyenne,Kansas,KS
35591.0,Cowley,Kansas,KS
25563.0,Franklin,Kansas,KS
2916.0,Jewell,Kansas,KS
9762.0,Rice,Kansas,KS
2645.0,Chase,Kansas,KS
2143.0,Wichita,Kansas,KS
5486.0,Norton,Kansas,KS
26791.0,Barton,Kansas,KS
2925.0,Edwards,Kansas,KS
3102.0,Rush,Kansas,KS
12032.0,Marion,Kansas,KS
5902.0,Ottawa,Kansas,KS
4733.0,Barber,Kansas,KS
19004.0,Dickinson,Kansas,KS
12745.0,Butler,Kentucky,KY
12122.0,Edmonson,Kentucky,KY
18668.0,Harrison,Kentucky,KY
8306.0,Bracken,Kentucky,KY
8186.0,Lyon,Kentucky,KY
7517.0,Elliott,Kentucky,KY
767154.0,Jefferson,Kentucky,KY
14156.0,Larue,Kentucky,KY
17153.0,Mason,Kentucky,KY
21516.0,Mercer,Kentucky,KY
2143.0,Robertson,Kentucky,KY
17760.0,Russell,Kentucky,KY
12019.0,Washington,Kentucky,KY
8090.0,Ballard,Kentucky,KY
43680.0,Barren,Kentucky,KY
11023.0,Green,Kentucky,KY
8719.0,Hancock,Kentucky,KY
11919.0,Martin,Kentucky,KY
108095.0,Hardin,Kentucky,KY
9331.0,McLean,Kentucky,KY
24071.0,Ohio,Kentucky,KY
12321.0,Powell,Kentucky,KY
13155.0,Webster,Kentucky,KY
12727.0,Caldwell,Kentucky,KY
15796.0,Casey,Kentucky,KY
72263.0,Christian,Kentucky,KY
26178.0,Grayson,Kentucky,KY
15814.0,Henry,Kentucky,KY
45664.0,Hopkins,Kentucky,KY
13373.0,Jackson,Kentucky,KY
60180.0,Laurel,Kentucky,KY
31166.0,Marshall,Kentucky,KY
28326.0,Meade,Kentucky,KY
27759.0,Montgomery,Kentucky,KY
7100.0,Nicholas,Kentucky,KY
65374.0,Oldham,Kentucky,KY
10741.0,Owen,Kentucky,KY
16827.0,Rockcastle,Kentucky,KY
53517.0,Scott,Kentucky,KY
126427.0,Warren,Kentucky,KY
20794.0,Allen,Kentucky,KY
20144.0,Bourbon,Kentucky,KY
48091.0,Boyd,Kentucky,KY
79466.0,Bullitt,Kentucky,KY
9083.0,Crittenden,Kentucky,KY
318734.0,Fayette,Kentucky,KY
6210.0,Fulton,Kentucky,KY
22843.0,Johnson,Kentucky,KY
6405.0,Menifee,Kentucky,KY
20621.0,Clay,Kentucky,KY
13285.0,Morgan,Kentucky,KY
26917.0,Perry,Kentucky,KY
7223.0,Wolfe,Kentucky,KY
27188.0,Bell,Kentucky,KY
13116.0,Breathitt,Kentucky,KY
37294.0,Graves,Kentucky,KY
18627.0,Hart,Kentucky,KY
20609.0,Wayne,Kentucky,KY
19232.0,Marion,Kentucky,KY
14344.0,Trigg,Kentucky,KY
129095.0,Boone,Kentucky,KY
10472.0,Leslie,Kentucky,KY
31467.0,Knox,Kentucky,KY
15783.0,Lawrence,Kentucky,KY
9263.0,Livingston,Kentucky,KY
60483.0,Pike,Kentucky,KY
46786.0,Shelby,Kentucky,KY
22214.0,Anderson,Kentucky,KY
20080.0,Breckinridge,Kentucky,KY
50296.0,Franklin,Kentucky,KY
164688.0,Kenton,Kentucky,KY
89700.0,Madison,Kentucky,KY
12666.0,Magoffin,Kentucky,KY
4463.0,Owsley,Kentucky,KY
18063.0,Simpson,Kentucky,KY
25500.0,Taylor,Kentucky,KY
12350.0,Todd,Kentucky,KY
4841.0,Carlisle,Kentucky,KY
10211.0,Clinton,Kentucky,KY
8703.0,Gallatin,Kentucky,KY
17328.0,Garrard,Kentucky,KY
14479.0,Fleming,Kentucky,KY
92267.0,Campbell,Kentucky,KY
8637.0,Trimble,Kentucky,KY
4568.0,Hickman,Kentucky,KY
45388.0,Nelson,Kentucky,KY
24915.0,Grant,Kentucky,KY
26849.0,Logan,Kentucky,KY
14520.0,Pendleton,Kentucky,KY
18246.0,Spencer,Kentucky,KY
12268.0,Bath,Kentucky,KY
29913.0,Boyle,Kentucky,KY
27134.0,Harlan,Kentucky,KY
24458.0,Lincoln,Kentucky,KY
10634.0,Monroe,Kentucky,KY
14802.0,Union,Kentucky,KY
38776.0,Calloway,Kentucky,KY
99937.0,Daviess,Kentucky,KY
64145.0,Pulaski,Kentucky,KY
46137.0,Henderson,Kentucky,KY
15513.0,Knott,Kentucky,KY
31081.0,Muhlenberg,Kentucky,KY
19241.0,Adair,Kentucky,KY
6713.0,Cumberland,Kentucky,KY
6751.0,Lee,Kentucky,KY
13490.0,Lewis,Kentucky,KY
26097.0,Woodford,Kentucky,KY
52422.0,Jessamine,Kentucky,KY
22676.0,Letcher,Kentucky,KY
65284.0,McCracken,Kentucky,KY
36089.0,Whitley,Kentucky,KY
36926.0,Floyd,Kentucky,KY
17635.0,McCreary,Kentucky,KY
10004.0,Metcalfe,Kentucky,KY
24499.0,Rowan,Kentucky,KY
35872.0,Clark,Kentucky,KY
10711.0,Carroll,Kentucky,KY
14313.0,Estill,Kentucky,KY
35765.0,Greenup,Kentucky,KY
27290.0,Carter,Kentucky,KY
59867.0,Vermilion Parish,Louisiana,LA
52724.0,St. Charles Parish,Louisiana,LA
20021.0,Concordia Parish,Louisiana,LA
4666.0,Tensas Parish,Louisiana,LA
21357.0,St. James Parish,Louisiana,LA
22348.0,Grant Parish,Louisiana,LA
435300.0,Jefferson Parish,Louisiana,LA
13668.0,Bienville Parish,Louisiana,LA
126131.0,Bossier Parish,Louisiana,LA
6868.0,Cameron Parish,Louisiana,LA
19499.0,East Feliciana Parish,Louisiana,LA
43446.0,St. John the Baptist Parish,Louisiana,LA
23373.0,Plaquemines Parish,Louisiana,LA
156075.0,Ouachita Parish,Louisiana,LA
131546.0,Rapides Parish,Louisiana,LA
46457.0,Washington Parish,Louisiana,LA
83449.0,St. Landry Parish,Louisiana,LA
130504.0,Tangipahoa Parish,Louisiana,LA
62568.0,Acadia Parish,Louisiana,LA
51734.0,St. Mary Parish,Louisiana,LA
11180.0,West Carroll Parish,Louisiana,LA
252093.0,St. Tammany Parish,Louisiana,LA
22475.0,Union Parish,Louisiana,LA
9996.0,Caldwell Parish,Louisiana,LA
240091.0,Lafayette Parish,Louisiana,LA
248361.0,Caddo Parish,Louisiana,LA
7225.0,East Carroll Parish,Louisiana,LA
121176.0,Ascension Parish,Louisiana,LA
72691.0,Iberia Parish,Louisiana,LA
45694.0,St. Bernard Parish,Louisiana,LA
10411.0,St. Helena Parish,Louisiana,LA
25860.0,West Baton Rouge Parish,Louisiana,LA
27216.0,De Soto Parish,Louisiana,LA
8618.0,Red River Parish,Louisiana,LA
138111.0,Livingston Parish,Louisiana,LA
38963.0,Natchitoches Parish,Louisiana,LA
389648.0,Orleans Parish,Louisiana,LA
9893.0,Catahoula Parish,Louisiana,LA
200182.0,Calcasieu Parish,Louisiana,LA
20322.0,Franklin Parish,Louisiana,LA
22714.0,Assumption Parish,Louisiana,LA
15926.0,Jackson Parish,Louisiana,LA
20474.0,Richland Parish,Louisiana,LA
53752.0,St. Martin Parish,Louisiana,LA
14494.0,Winn Parish,Louisiana,LA
444094.0,East Baton Rouge Parish,Louisiana,LA
25661.0,Allen Parish,Louisiana,LA
11472.0,Madison Parish,Louisiana,LA
98214.0,Lafourche Parish,Louisiana,LA
31467.0,Jefferson Davis Parish,Louisiana,LA
15377.0,West Feliciana Parish,Louisiana,LA
36769.0,Beauregard Parish,Louisiana,LA
33636.0,Evangeline Parish,Louisiana,LA
47356.0,Lincoln Parish,Louisiana,LA
39631.0,Webster Parish,Louisiana,LA
32956.0,Iberville Parish,Louisiana,LA
25992.0,Morehouse Parish,Louisiana,LA
112587.0,Terrebonne Parish,Louisiana,LA
16153.0,Claiborne Parish,Louisiana,LA
40882.0,Avoyelles Parish,Louisiana,LA
22158.0,Pointe Coupee Parish,Louisiana,LA
51007.0,Vernon Parish,Louisiana,LA
24088.0,Sabine Parish,Louisiana,LA
14949.0,LaSalle Parish,Louisiana,LA
57325.0,Oxford,Maine,ME
39418.0,Waldo,Maine,ME
151748.0,Penobscot,Maine,ME
107444.0,Androscoggin,Maine,ME
68269.0,Aroostook,Maine,ME
290944.0,Cumberland,Maine,ME
39823.0,Knox,Maine,ME
203102.0,York,Maine,ME
30019.0,Franklin,Maine,ME
50710.0,Somerset,Maine,ME
34067.0,Lincoln,Maine,ME
16887.0,Piscataquis,Maine,ME
31694.0,Washington,Maine,ME
35277.0,Sagadahoc,Maine,ME
121545.0,Kennebec,Maine,ME
54541.0,Hancock,Maine,ME
51564.0,Worcester,Maryland,MD
614700.0,Baltimore city,Maryland,MD
37211.0,Talbot,Maryland,MD
251025.0,Harford,Maryland,MD
315327.0,Howard,Maryland,MD
567696.0,Anne Arundel,Maryland,MD
827625.0,Baltimore,Maryland,MD
91082.0,Calvert,Maryland,MD
29376.0,Garrett,Maryland,MD
1040133.0,Montgomery,Maryland,MD
167522.0,Carroll,Maryland,MD
49355.0,Queen Anne's,Maryland,MD
111531.0,St. Mary's,Maryland,MD
157671.0,Charles,Maryland,MD
32261.0,Dorchester,Maryland,MD
149811.0,Washington,Maryland,MD
102172.0,Wicomico,Maryland,MD
102517.0,Cecil,Maryland,MD
32875.0,Caroline,Maryland,MD
25737.0,Somerset,Maryland,MD
71977.0,Allegany,Maryland,MD
906202.0,Prince George's,Maryland,MD
248472.0,Frederick,Maryland,MD
19593.0,Kent,Maryland,MD
791766.0,Suffolk,Massachusetts,MA
213690.0,Barnstable,Massachusetts,MA
17313.0,Dukes,Massachusetts,MA
1595192.0,Middlesex,Massachusetts,MA
127328.0,Berkshire,Massachusetts,MA
781024.0,Essex,Massachusetts,MA
558905.0,Bristol,Massachusetts,MA
469116.0,Hampden,Massachusetts,MA
512135.0,Plymouth,Massachusetts,MA
70935.0,Franklin,Massachusetts,MA
698249.0,Norfolk,Massachusetts,MA
161159.0,Hampshire,Massachusetts,MA
11101.0,Nantucket,Massachusetts,MA
822280.0,Worcester,Massachusetts,MA
149699.0,Monroe,Michigan,MI
115250.0,Allegan,Michigan,MI
45830.0,Hillsdale,Michigan,MI
9194.0,Alger,Michigan,MI
26417.0,Oceana,Michigan,MI
21639.0,Leelanau,Michigan,MI
30616.0,Clare,Michigan,MI
2130.0,Keweenaw,Michigan,MI
70775.0,Isabella,Michigan,MI
284034.0,Ottawa,Michigan,MI
53250.0,Tuscola,Michigan,MI
28612.0,Alpena,Michigan,MI
64176.0,Ionia,Michigan,MI
83389.0,Midland,Michigan,MI
154807.0,Berrien,Michigan,MI
8277.0,Oscoda,Michigan,MI
13836.0,Crawford,Michigan,MI
77896.0,Clinton,Michigan,MI
41067.0,Gratiot,Michigan,MI
31543.0,Huron,Michigan,MI
98474.0,Lenawee,Michigan,MI
28884.0,Mason,Michigan,MI
63209.0,Montcalm,Michigan,MI
60897.0,St. Joseph,Michigan,MI
159566.0,St. Clair,Michigan,MI
365961.0,Washtenaw,Michigan,MI
15165.0,Arenac,Michigan,MI
51460.0,Cass,Michigan,MI
11212.0,Iron,Michigan,MI
23877.0,Roscommon,Michigan,MI
1761382.0,Wayne,Michigan,MI
43584.0,Branch,Michigan,MI
158913.0,Jackson,Michigan,MI
10817.0,Mackinac,Michigan,MI
23177.0,Antrim,Michigan,MI
36360.0,Houghton,Michigan,MI
25247.0,Iosco,Michigan,MI
11763.0,Lake,Michigan,MI
9261.0,Montmorency,Michigan,MI
12797.0,Presque Isle,Michigan,MI
261573.0,Kalamazoo,Michigan,MI
43264.0,Mecosta,Michigan,MI
66939.0,Marquette,Michigan,MI
48142.0,Newaygo,Michigan,MI
23232.0,Osceola,Michigan,MI
24397.0,Otsego,Michigan,MI
134473.0,Calhoun,Michigan,MI
25458.0,Cheboygan,Michigan,MI
6364.0,Luce,Michigan,MI
643140.0,Kent,Michigan,MI
868704.0,Macomb,Michigan,MI
104786.0,Bay,Michigan,MI
192778.0,Saginaw,Michigan,MI
68493.0,Shiawassee,Michigan,MI
8507.0,Baraga,Michigan,MI
26219.0,Charlevoix,Michigan,MI
109155.0,Eaton,Michigan,MI
36190.0,Delta,Michigan,MI
15414.0,Gogebic,Michigan,MI
33039.0,Emmet,Michigan,MI
37834.0,Chippewa,Michigan,MI
1250843.0,Oakland,Michigan,MI
173043.0,Muskegon,Michigan,MI
88202.0,Lapeer,Michigan,MI
41376.0,Sanilac,Michigan,MI
5968.0,Ontonagon,Michigan,MI
10364.0,Alcona,Michigan,MI
17463.0,Kalkaska,Michigan,MI
289564.0,Ingham,Michigan,MI
20928.0,Ogemaw,Michigan,MI
33111.0,Wexford,Michigan,MI
25570.0,Dickinson,Michigan,MI
23234.0,Menominee,Michigan,MI
15006.0,Missaukee,Michigan,MI
75272.0,Van Buren,Michigan,MI
60057.0,Barry,Michigan,MI
17552.0,Benzie,Michigan,MI
8069.0,Schoolcraft,Michigan,MI
91746.0,Grand Traverse,Michigan,MI
409361.0,Genesee,Michigan,MI
188482.0,Livingston,Michigan,MI
24444.0,Manistee,Michigan,MI
25289.0,Gladwin,Michigan,MI
64148.0,Lake,California,CA
17540.0,Mariposa,California,CA
75493.0,Yuba,California,CA
1133247.0,Contra Costa,California,CA
31185.0,Lassen,California,CA
443738.0,Santa Barbara,California,CA
501317.0,Sonoma,California,CA
180216.0,Imperial,California,CA
14174.0,Mono,California,CA
1643700.0,Alameda,California,CA
1510023.0,Sacramento,California,CA
140530.0,Napa,California,CA
433212.0,Monterey,California,CA
2930.0,Sierra,California,CA
3302833.0,San Diego,California,CA
214977.0,Yolo,California,CA
135768.0,Humboldt,California,CA
1146.0,Alpine,California,CA
87422.0,Mendocino,California,CA
273765.0,Santa Cruz,California,CA
10098052.0,Los Angeles,California,CA
2383286.0,Riverside,California,CA
1922200.0,Santa Clara,California,CA
260295.0,Marin,California,CA
43540.0,Siskiyou,California,CA
179085.0,Shasta,California,CA
27424.0,Del Norte,California,CA
281455.0,San Luis Obispo,California,CA
27897.0,Glenn,California,CA
227075.0,Butte,California,CA
18699.0,Plumas,California,CA
883053.0,Kern,California,CA
3164182.0,Orange,California,CA
45235.0,Calaveras,California,CA
95872.0,Sutter,California,CA
765935.0,San Mateo,California,CA
53932.0,Tuolumne,California,CA
732212.0,San Joaquin,California,CA
37829.0,Amador,California,CA
269075.0,Merced,California,CA
8938.0,Modoc,California,CA
18085.0,Inyo,California,CA
539301.0,Stanislaus,California,CA
63373.0,Tehama,California,CA
59416.0,San Benito,California,CA
186661.0,El Dorado,California,CA
870044.0,San Francisco,California,CA
460477.0,Tulare,California,CA
99092.0,Nevada,California,CA
155013.0,Madera,California,CA
12862.0,Trinity,California,CA
2135413.0,San Bernardino,California,CA
380077.0,Placer,California,CA
438530.0,Solano,California,CA
21464.0,Colusa,California,CA
150075.0,Kings,California,CA
978130.0,Fresno,California,CA
848112.0,Ventura,California,CA
4318.0,Phillips,Colorado,CO
12908.0,Archuleta,Colorado,CO
693417.0,Denver,Colorado,CO
1449.0,Kiowa,Colorado,CO
6583.0,Huerfano,Colorado,CO
3563.0,Baca,Colorado,CO
19164.0,Chaffee,Colorado,CO
5924.0,Gilpin,Colorado,CO
7635.0,Kit Carson,Colorado,CO
58538.0,Garfield,Colorado,CO
16537.0,Gunnison,Colorado,CO
570427.0,Jefferson,Colorado,CO
823.0,Mineral,Colorado,CO
4722.0,Ouray,Colorado,CO
6465.0,Rio Blanco,Colorado,CO
2350.0,Sedgwick,Colorado,CO
8142.0,Conejos,Colorado,CO
3687.0,Costilla,Colorado,CO
497115.0,Adams,Colorado,CO
54357.0,Eagle,Colorado,CO
7585.0,Lake,Colorado,CO
13060.0,Moffat,Colorado,CO
17909.0,Pitkin,Colorado,CO
2039.0,Cheyenne,Colorado,CO
5630.0,Crowley,Colorado,CO
1841.0,Dolores,Colorado,CO
1296.0,Jackson,Colorado,CO
338161.0,Larimer,Colorado,CO
25909.0,Montezuma,Colorado,CO
7968.0,San Miguel,Colorado,CO
321030.0,Boulder,Colorado,CO
14179.0,Las Animas,Colorado,CO
10069.0,Yuma,Colorado,CO
24874.0,Routt,Colorado,CO
30429.0,Summit,Colorado,CO
9379.0,Clear Creek,Colorado,CO
30346.0,Delta,Colorado,CO
164685.0,Pueblo,Colorado,CO
28257.0,Morgan,Colorado,CO
17392.0,Park,Colorado,CO
149998.0,Mesa,Colorado,CO
12052.0,Prowers,Colorado,CO
688153.0,El Paso,Colorado,CO
4840.0,Washington,Colorado,CO
636671.0,Arapahoe,Colorado,CO
66120.0,Broomfield,Colorado,CO
295123.0,Weld,Colorado,CO
4640.0,Custer,Colorado,CO
328614.0,Douglas,Colorado,CO
55101.0,La Plata,Colorado,CO
11351.0,Rio Grande,Colorado,CO
5809.0,Bent,Colorado,CO
544.0,San Juan,Colorado,CO
21689.0,Logan,Colorado,CO
24113.0,Teller,Colorado,CO
25162.0,Elbert,Colorado,CO
5548.0,Lincoln,Colorado,CO
16444.0,Alamosa,Colorado,CO
47002.0,Fremont,Colorado,CO
41268.0,Montrose,Colorado,CO
6468.0,Saguache,Colorado,CO
878.0,Hinsdale,Colorado,CO
15066.0,Grand,Colorado,CO
18325.0,Otero,Colorado,CO
859339.0,New Haven,Connecticut,CT
151269.0,Tolland,Connecticut,CT
894730.0,Hartford,Connecticut,CT
116538.0,Windham,Connecticut,CT
163368.0,Middlesex,Connecticut,CT
183031.0,Litchfield,Connecticut,CT
268881.0,New London,Connecticut,CT
944348.0,Fairfield,Connecticut,CT
555133.0,New Castle,Delaware,DE
219540.0,Sussex,Delaware,DE
174822.0,Kent,Delaware,DE
684498.0,District of Columbia,District of Columbia,DC
200737.0,Okaloosa,Florida,FL
22098.0,Taylor,Florida,FL
24566.0,Washington,Florida,FL
924229.0,Duval,Florida,FL
26979.0,Bradford,Florida,FL
576808.0,Brevard,Florida,FL
207291.0,Clay,Florida,FL
8744.0,Lafayette,Florida,FL
335362.0,Lake,Florida,FL
80578.0,Nassau,Florida,FL
957875.0,Pinellas,Florida,FL
668671.0,Polk,Florida,FL
305591.0,St. Lucie,Florida,FL
13363.0,Glades,Florida,FL
40127.0,Hendry,Florida,FL
150984.0,Indian River,Florida,FL
48472.0,Jackson,Florida,FL
1446277.0,Palm Beach,Florida,FL
235503.0,St. Johns,Florida,FL
455086.0,Seminole,Florida,FL
2715516.0,Miami-Dade,Florida,FL
182482.0,Bay,Florida,FL
107139.0,Flagler,Florida,FL
11736.0,Franklin,Florida,FL
14269.0,Hamilton,Florida,FL
8365.0,Liberty,Florida,FL
120999.0,Sumter,Florida,FL
46017.0,Gadsden,Florida,FL
19430.0,Holmes,Florida,FL
718679.0,Lee,Florida,FL
348371.0,Marion,Florida,FL
363922.0,Collier,Florida,FL
1321194.0,Orange,Florida,FL
510593.0,Pasco,Florida,FL
102101.0,Highlands,Florida,FL
43924.0,Suwannee,Florida,FL
36399.0,DeSoto,Florida,FL
14444.0,Calhoun,Florida,FL
69105.0,Columbia,Florida,FL
16437.0,Dixie,Florida,FL
72766.0,Putnam,Florida,FL
15239.0,Union,Florida,FL
373853.0,Manatee,Florida,FL
39961.0,Levy,Florida,FL
27785.0,Baker,Florida,FL
527634.0,Volusia,Florida,FL
288102.0,Leon,Florida,FL
18474.0,Madison,Florida,FL
311522.0,Escambia,Florida,FL
182696.0,Hernando,Florida,FL
31877.0,Wakulla,Florida,FL
1378883.0,Hillsborough,Florida,FL
16055.0,Gulf,Florida,FL
338619.0,Osceola,Florida,FL
65858.0,Walton,Florida,FL
14105.0,Jefferson,Florida,FL
27228.0,Hardee,Florida,FL
40572.0,Okeechobee,Florida,FL
17615.0,Gilchrist,Florida,FL
263148.0,Alachua,Florida,FL
176954.0,Charlotte,Florida,FL
157581.0,Martin,Florida,FL
412144.0,Sarasota,Florida,FL
143087.0,Citrus,Florida,FL
170442.0,Santa Rosa,Florida,FL
1909151.0,Broward,Florida,FL
76325.0,Monroe,Florida,FL
6428.0,Calhoun,Georgia,GA
13480.0,Macon,Georgia,GA
12775.0,Bleckley,Georgia,GA
153490.0,Bibb,Georgia,GA
8484.0,Marion,Georgia,GA
5211.0,Schley,Georgia,GA
13905.0,Dooly,Georgia,GA
22514.0,Franklin,Georgia,GA
58689.0,Effingham,Georgia,GA
18513.0,Lamar,Georgia,GA
22499.0,Emanuel,Georgia,GA
2276.0,Quitman,Georgia,GA
13784.0,Jasper,Georgia,GA
9730.0,Johnson,Georgia,GA
62108.0,Liberty,Georgia,GA
22432.0,Mitchell,Georgia,GA
8437.0,Seminole,Georgia,GA
40510.0,Tift,Georgia,GA
8284.0,Twiggs,Georgia,GA
41621.0,Polk,Georgia,GA
6378.0,Talbot,Georgia,GA
8193.0,Taylor,Georgia,GA
8859.0,Terrell,Georgia,GA
44730.0,Thomas,Georgia,GA
27048.0,Toombs,Georgia,GA
9078.0,Wilkinson,Georgia,GA
17154.0,Ben Hill,Georgia,GA
22550.0,Burke,Georgia,GA
66299.0,Catoosa,Georgia,GA
10767.0,Chattahoochee,Georgia,GA
24817.0,Chattooga,Georgia,GA
147295.0,Columbia,Georgia,GA
26833.0,Decatur,Georgia,GA
96824.0,Floyd,Georgia,GA
219880.0,Forsyth,Georgia,GA
44289.0,Habersham,Georgia,GA
114582.0,Lowndes,Georgia,GA
21113.0,Meriwether,Georgia,GA
27010.0,Monroe,Georgia,GA
30352.0,Sumter,Georgia,GA
1665.0,Taliaferro,Georgia,GA
3189.0,Baker,Georgia,GA
23750.0,Butts,Georgia,GA
10827.0,Candler,Georgia,GA
116022.0,Carroll,Georgia,GA
12344.0,Crawford,Georgia,GA
22846.0,Crisp,Georgia,GA
140516.0,Coweta,Georgia,GA
745057.0,Cobb,Georgia,GA
16227.0,Dade,Georgia,GA
90132.0,Walton,Georgia,GA
15622.0,Brooks,Georgia,GA
20919.0,Dodge,Georgia,GA
19212.0,Elbert,Georgia,GA
111369.0,Fayette,Georgia,GA
8827.0,Jenkins,Georgia,GA
106497.0,Newton,Georgia,GA
30832.0,Pickens,Georgia,GA
45606.0,Colquitt,Georgia,GA
23861.0,Dawson,Georgia,GA
278666.0,Clayton,Georgia,GA
195961.0,Hall,Georgia,GA
11677.0,Heard,Georgia,GA
8535.0,Hancock,Georgia,GA
21498.0,McDuffie,Georgia,GA
18235.0,Morgan,Georgia,GA
91049.0,Dougherty,Georgia,GA
24925.0,Fannin,Georgia,GA
151682.0,Houston,Georgia,GA
47418.0,Laurens,Georgia,GA
64719.0,Spalding,Georgia,GA
16115.0,Telfair,Georgia,GA
22775.0,Union,Georgia,GA
20461.0,Washington,Georgia,GA
28928.0,White,Georgia,GA
155840.0,Paulding,Georgia,GA
18082.0,Pike,Georgia,GA
201463.0,Richmond,Georgia,GA
25353.0,Tattnall,Georgia,GA
19025.0,Berrien,Georgia,GA
68824.0,Walker,Georgia,GA
902298.0,Gwinnett,Georgia,GA
76887.0,Barrow,Georgia,GA
12983.0,Charlton,Georgia,GA
6743.0,Clinch,Georgia,GA
103620.0,Bartow,Georgia,GA
141840.0,Douglas,Georgia,GA
24926.0,Grady,Georgia,GA
14991.0,Jeff Davis,Georgia,GA
9036.0,Montgomery,Georgia,GA
14784.0,Oglethorpe,Georgia,GA
7087.0,Randolph,Georgia,GA
89011.0,Rockdale,Georgia,GA
35599.0,Ware,Georgia,GA
29767.0,Wayne,Georgia,GA
7939.0,Wheeler,Georgia,GA
8846.0,Wilcox,Georgia,GA
45286.0,Baldwin,Georgia,GA
74782.0,Bulloch,Georgia,GA
124602.0,Clarke,Georgia,GA
3994.0,Echols,Georgia,GA
83974.0,Glynn,Georgia,GA
28956.0,Haralson,Georgia,GA
15772.0,Jefferson,Georgia,GA
28548.0,Jones,Georgia,GA
39557.0,Murray,Georgia,GA
196670.0,Muscogee,Georgia,GA
16457.0,Rabun,Georgia,GA
6042.0,Stewart,Georgia,GA
6777.0,Treutlen,Georgia,GA
9268.0,Irwin,Georgia,GA
8265.0,Atkinson,Georgia,GA
11228.0,Bacon,Georgia,GA
18561.0,Brantley,Georgia,GA
103849.0,Whitfield,Georgia,GA
69774.0,Troup,Georgia,GA
33590.0,Harris,Georgia,GA
20656.0,Worth,Georgia,GA
10727.0,Evans,Georgia,GA
2613.0,Webster,Georgia,GA
3009.0,Glascock,Georgia,GA
287049.0,Chatham,Georgia,GA
10366.0,Lanier,Georgia,GA
28900.0,Madison,Georgia,GA
25631.0,Hart,Georgia,GA
14120.0,McIntosh,Georgia,GA
21503.0,Putnam,Georgia,GA
5346.0,Warren,Georgia,GA
35885.0,Bryan,Georgia,GA
52714.0,Camden,Georgia,GA
10348.0,Early,Georgia,GA
42961.0,Coffee,Georgia,GA
29922.0,Gilmer,Georgia,GA
9884.0,Wilkes,Georgia,GA
56790.0,Gordon,Georgia,GA
241910.0,Cherokee,Georgia,GA
29348.0,Lee,Georgia,GA
16976.0,Greene,Georgia,GA
17184.0,Cook,Georgia,GA
1021902.0,Fulton,Georgia,GA
31951.0,Lumpkin,Georgia,GA
5836.0,Miller,Georgia,GA
37017.0,Oconee,Georgia,GA
221307.0,Henry,Georgia,GA
18156.0,Long,Georgia,GA
25676.0,Stephens,Georgia,GA
26216.0,Upson,Georgia,GA
26966.0,Peach,Georgia,GA
19164.0,Pierce,Georgia,GA
13990.0,Screven,Georgia,GA
18510.0,Banks,Georgia,GA
3001.0,Clay,Georgia,GA
743187.0,DeKalb,Georgia,GA
65755.0,Jackson,Georgia,GA
7799.0,Lincoln,Georgia,GA
18454.0,Appling,Georgia,GA
11295.0,Pulaski,Georgia,GA
11417.0,Towns,Georgia,GA
7962.0,Turner,Georgia,GA
10025.0,Washington,Idaho,ID
23615.0,Cassia,Idaho,ID
17052.0,Gem,Idaho,ID
10401.0,Valley,Idaho,ID
4019.0,Adams,Idaho,ID
40155.0,Nez Perce,Idaho,ID
153605.0,Kootenai,Idaho,ID
3845.0,Lewis,Idaho,ID
2602.0,Butte,Idaho,ID
83666.0,Twin Falls,Idaho,ID
11455.0,Owyhee,Idaho,ID
7163.0,Boise,Idaho,ID
6918.0,Caribou,Idaho,ID
446052.0,Ada,Idaho,ID
85065.0,Bannock,Idaho,ID
45551.0,Bingham,Idaho,ID
886.0,Camas,Idaho,ID
212230.0,Canyon,Idaho,ID
27969.0,Jefferson,Idaho,ID
39239.0,Latah,Idaho,ID
23041.0,Payette,Idaho,ID
9086.0,Benewah,Idaho,ID
1077.0,Clark,Idaho,ID
26433.0,Elmore,Idaho,ID
12965.0,Fremont,Idaho,ID
12526.0,Shoshone,Idaho,ID
16337.0,Idaho,Idaho,ID
7713.0,Power,Idaho,ID
4326.0,Oneida,Idaho,ID
5321.0,Lincoln,Idaho,ID
13279.0,Franklin,Idaho,ID
23431.0,Jerome,Idaho,ID
20615.0,Minidoka,Idaho,ID
21994.0,Blaine,Idaho,ID
11549.0,Boundary,Idaho,ID
15169.0,Gooding,Idaho,ID
5962.0,Bear Lake,Idaho,ID
112397.0,Bonneville,Idaho,ID
8640.0,Clearwater,Idaho,ID
7798.0,Lemhi,Idaho,ID
42711.0,Bonner,Idaho,ID
4141.0,Custer,Idaho,ID
38705.0,Madison,Idaho,ID
11080.0,Teton,Idaho,ID
197658.0,Hawaii,Hawaii,HI
165281.0,Maui,Hawaii,HI
71377.0,Kauai,Hawaii,HI
75.0,Kalawao,Hawaii,HI
987638.0,Honolulu,Hawaii,HI
22069.0,Jersey,Illinois,IL
5746.0,Putnam,Illinois,IL
16042.0,De Witt,Illinois,IL
21724.0,Fayette,Illinois,IL
34527.0,Lee,Illinois,IL
29207.0,Logan,Illinois,IL
45719.0,Macoupin,Illinois,IL
15881.0,Richland,Illinois,IL
24231.0,Saline,Illinois,IL
14155.0,Washington,Illinois,IL
29009.0,Montgomery,Illinois,IL
56396.0,Whiteside,Illinois,IL
66427.0,Adams,Illinois,IL
37628.0,Clinton,Illinois,IL
104200.0,DeKalb,Illinois,IL
6507.0,Edwards,Illinois,IL
9598.0,Jasper,Illinois,IL
38169.0,Jefferson,Illinois,IL
688697.0,Will,Illinois,IL
67299.0,Williamson,Illinois,IL
19714.0,Douglas,Illinois,IL
35418.0,Fulton,Illinois,IL
13218.0,Greene,Illinois,IL
4009.0,Hardin,Illinois,IL
49464.0,Henry,Illinois,IL
50999.0,Knox,Illinois,IL
703619.0,Lake,Illinois,IL
14430.0,Massac,Illinois,IL
5047.0,Scott,Illinois,IL
12665.0,Cass,Illinois,IL
110401.0,LaSalle,Illinois,IL
18112.0,Hancock,Illinois,IL
50509.0,Grundy,Illinois,IL
111061.0,Kankakee,Illinois,IL
931743.0,DuPage,Illinois,IL
197661.0,Sangamon,Illinois,IL
12367.0,Menard,Illinois,IL
45433.0,Stephenson,Illinois,IL
5223719.0,Cook,Illinois,IL
51328.0,Ogle,Illinois,IL
34426.0,Morgan,Illinois,IL
14025.0,White,Illinois,IL
38817.0,Woodford,Illinois,IL
6884.0,Henderson,Illinois,IL
307789.0,McHenry,Illinois,IL
173219.0,McLean,Illinois,IL
21384.0,Perry,Illinois,IL
15754.0,Pike,Illinois,IL
145275.0,Rock Island,Illinois,IL
263463.0,St. Clair,Illinois,IL
11573.0,Wabash,Illinois,IL
4858.0,Calhoun,Illinois,IL
10865.0,Cumberland,Illinois,IL
21834.0,Jo Daviess,Illinois,IL
530839.0,Kane,Illinois,IL
16189.0,Lawrence,Illinois,IL
6675.0,Brown,Illinois,IL
11794.0,Marshall,Illinois,IL
28169.0,Iroquois,Illinois,IL
33231.0,Christian,Illinois,IL
13338.0,Clay,Illinois,IL
5157.0,Gallatin,Illinois,IL
58551.0,Jackson,Illinois,IL
33936.0,Monroe,Illinois,IL
184463.0,Peoria,Illinois,IL
17127.0,Union,Illinois,IL
286174.0,Winnebago,Illinois,IL
16427.0,Piatt,Illinois,IL
5611.0,Pulaski,Illinois,IL
7064.0,Schuyler,Illinois,IL
5500.0,Stark,Illinois,IL
17539.0,Edgar,Illinois,IL
16712.0,Bond,Illinois,IL
53606.0,Boone,Illinois,IL
33381.0,Bureau,Illinois,IL
14562.0,Carroll,Illinois,IL
51736.0,Coles,Illinois,IL
19088.0,Crawford,Illinois,IL
78407.0,Vermilion,Illinois,IL
15836.0,Clark,Illinois,IL
34174.0,Effingham,Illinois,IL
8221.0,Hamilton,Illinois,IL
12602.0,Johnson,Illinois,IL
36324.0,Livingston,Illinois,IL
133852.0,Tazewell,Illinois,IL
17338.0,Warren,Illinois,IL
265670.0,Madison,Illinois,IL
15693.0,Mercer,Illinois,IL
6532.0,Alexander,Illinois,IL
32546.0,Randolph,Illinois,IL
106512.0,Macon,Illinois,IL
16487.0,Wayne,Illinois,IL
39127.0,Franklin,Illinois,IL
30875.0,McDonough,Illinois,IL
14703.0,Moultrie,Illinois,IL
4249.0,Pope,Illinois,IL
21832.0,Shelby,Illinois,IL
209448.0,Champaign,Illinois,IL
13398.0,Ford,Illinois,IL
124626.0,Kendall,Illinois,IL
38084.0,Marion,Illinois,IL
13778.0,Mason,Illinois,IL
145403.0,Monroe,Indiana,IN
16486.0,Fountain,Indiana,IN
203604.0,Elkhart,Indiana,IN
10581.0,Crawford,Indiana,IN
38084.0,Cass,Indiana,IN
944523.0,Marion,Indiana,IN
26268.0,Clay,Indiana,IN
160940.0,Hendricks,Indiana,IN
22842.0,Franklin,Indiana,IN
66944.0,Grant,Indiana,IN
43938.0,Jackson,Indiana,IN
82387.0,Howard,Indiana,IN
20878.0,Owen,Indiana,IN
25076.0,Randolph,Indiana,IN
33649.0,Whitley,Indiana,IN
15034.0,Brown,Indiana,IN
32301.0,Clinton,Indiana,IN
7153.0,Union,Indiana,IN
45619.0,Lawrence,Indiana,IN
32937.0,Daviess,Indiana,IN
49501.0,Dearborn,Indiana,IN
37409.0,Knox,Indiana,IN
19141.0,Perry,Indiana,IN
12660.0,Pulaski,Indiana,IN
25589.0,Posey,Indiana,IN
8247.0,Warren,Indiana,IN
15560.0,Vermillion,Indiana,IN
370016.0,Allen,Indiana,IN
26552.0,Decatur,Indiana,IN
76809.0,Floyd,Indiana,IN
27727.0,Jennings,Indiana,IN
151564.0,Johnson,Indiana,IN
69727.0,Morgan,Indiana,IN
33596.0,Gibson,Indiana,IN
19547.0,Orange,Indiana,IN
78806.0,Kosciusko,Indiana,IN
46595.0,Marshall,Indiana,IN
181313.0,Vanderburgh,Indiana,IN
12129.0,Blackford,Indiana,IN
23743.0,Scott,Indiana,IN
39712.0,Harrison,Indiana,IN
110552.0,LaPorte,Indiana,IN
31631.0,Wabash,Indiana,IN
33449.0,Jasper,Indiana,IN
10210.0,Martin,Indiana,IN
168041.0,Porter,Indiana,IN
44399.0,Shelby,Indiana,IN
28425.0,Ripley,Indiana,IN
20526.0,Spencer,Indiana,IN
20792.0,Sullivan,Indiana,IN
15218.0,Tipton,Indiana,IN
189294.0,Tippecanoe,Indiana,IN
107693.0,Vigo,Indiana,IN
61928.0,Warrick,Indiana,IN
316095.0,Hamilton,Indiana,IN
42704.0,DeKalb,Indiana,IN
38942.0,LaGrange,Indiana,IN
81893.0,Bartholomew,Indiana,IN
16704.0,Rush,Indiana,IN
64321.0,Boone,Indiana,IN
20212.0,Fulton,Indiana,IN
486849.0,Lake,Indiana,IN
38276.0,Montgomery,Indiana,IN
47451.0,Noble,Indiana,IN
35195.0,Adams,Indiana,IN
23259.0,Fayette,Indiana,IN
22941.0,Starke,Indiana,IN
32295.0,Greene,Indiana,IN
66613.0,Wayne,Indiana,IN
42418.0,Dubois,Indiana,IN
73830.0,Hancock,Indiana,IN
5887.0,Ohio,Indiana,IN
16996.0,Parke,Indiana,IN
8667.0,Benton,Indiana,IN
37559.0,Putnam,Indiana,IN
27827.0,Washington,Indiana,IN
48483.0,Henry,Indiana,IN
129505.0,Madison,Indiana,IN
12411.0,Pike,Indiana,IN
34474.0,Steuben,Indiana,IN
35901.0,Miami,Indiana,IN
27947.0,Wells,Indiana,IN
115616.0,Delaware,Indiana,IN
32237.0,Jefferson,Indiana,IN
14018.0,Newton,Indiana,IN
269240.0,St. Joseph,Indiana,IN
10628.0,Switzerland,Indiana,IN
19994.0,Carroll,Indiana,IN
36378.0,Huntington,Indiana,IN
24217.0,White,Indiana,IN
20993.0,Jay,Indiana,IN
115702.0,Clark,Indiana,IN
